PATH	BYTES	SHA256
README.md	1157	4c4c0dd84b5035db51f171555d36531a01855073d1f4ccf1c27fca72dd5a58b5
etc/a8-annual-frame/active-carrier.json	656	30f315cc8bb446fd352a05b4c8bc37f63f9a34a53dd00326718b0cfb47a4622b
etc/a8-core20/external-physical.env.example	1073	7a48eae1b9a59cff4fac2db12e052b26378357bce25af607565f74305067fd36
etc/a8-core20/jovian-authority.json	490	91f0da365e2bcc6f57811f82480ac6ba346db9603e3d89f4af52c8de32d7a8b3
etc/a8-shadow-ghost.env.example	78	157cc1d18304ee9edf9ec5c92b3a7a45f5f8fecefdcc81e1ee137e05428e7a8c
etc/systemd/system/a8-annual-frame.service	360	bf46c70a507e93dfd13afd7bb9352cc8b2c6be586dca29487ed3a7d89f08fb4e
etc/systemd/system/a8-ce-core20-control.service	302	7ceaacb0365b7a2ecb5e57d7707d1d422a40abe307cb9b5ea4f8319939d247da
etc/systemd/system/a8-core20-autorecover.service	319	828a3c367feb3971018c51d426715e8944c76a771750e8319c339256cf36dcae
etc/systemd/system/a8-core20-checkpoint.service	149	bdd4d729731538e5666c221a84e5d9f7e58e1e60f4e4e0ae22e2777de3c0b556
etc/systemd/system/a8-core20-checkpoint.timer	168	8ed61bb14f9a4472554755be91f88e72515711f1cf3432c54f840fcce6e742af
etc/systemd/system/a8-core20-external-physical.service	343	8cbe4898acb52ce5fdba994a7466a1d513672cd8205bd690fac2d4ff49b7e469
etc/systemd/system/a8-core20-native-snapshot-listener.service	324	789c2c4a90fb2714b7e1f5cc10e17d73aef0f53b881f048cb7f074df88361af4
etc/systemd/system/a8-core20-recovery-snapshot.service	164	adddb7b7518b7e500b98fcc4325ccfda8a8d50373b5b150c2ee0d8979570a79f
etc/systemd/system/a8-core20-recovery-snapshot.timer	346	0f55a6f8d794836019596dea9bf9413ac095e5887fd073bb38419fba99c9ae46
etc/systemd/system/a8-core20.service	345	503286498fd7b98aff2f7e157c8a6fd103a801b1ad83be5a39b5c6f3822208ec
etc/systemd/system/a8-core20.service.d/external-physical.conf	105	1aee69c2c188d6975ac5ab43491411909f184aa6a91e178870ecf8e34501f11c
etc/systemd/system/a8-ghost-standby-monitor.service	631	9e7be5416463cff061f501283cb2a10dedb1c19c7e269aaecc131cc9f4756eba
etc/systemd/system/a8-ghost-standby-monitor.service.d/90-restart.conf	42	761fe5631a66bc3d68d7172ea80c0d00e98855305ee823e2b3f50fa00d281bb4
etc/systemd/system/a8-jovian-governor.service	290	2bf59225acc80618012c2716ea089773b80a618f86101aff9aff47013a2e98f5
etc/systemd/system/a8-jovian-live-period.service	263	82f7e4fe54d6f594ce0afea0e435aeeef81759c6237f9eb087f9c9684256faa0
etc/systemd/system/a8-music-review.service	643	a8d41b1b5ea374be499cf77767114018f74cfe2d59e3d951480c4e5867dc062a
etc/systemd/system/a8-primary-stream-cache.service	289	9b678683bdc0500e91eaa2ae297ef2e4982508168f2668335a4a078c20cdb8a0
etc/systemd/system/a8-shadow-core.service	560	e6298a5d8d875727ed6429bc95b7b1b08129e37fab198a53e07c8a87cf839e59
etc/systemd/system/a8-shadow-ghost.service	658	52a9c4853d9ed27950077e3fb5785ed589af1919127d61bc87e6280c612ea0b7
etc/systemd/system/a8-shadow-recorder.service	664	e5ce2a67273c5819ac4090355961c2304620ead6d6facba5ba02afde07e1bb13
etc/systemd/system/a8-ship-recovery.service	1095	428e19c62789e3d6381c253d0718954c9a22f3cddc39efe43796c98f9ae37f7f
etc/systemd/system/a8-ship-v2.service	417	cc5cd7c4e585a22b48680c68f10871f6e92cf02e0a3a4323b6c35b2fd6f000a7
opt/a8-annual-frame/frame-v1.json	6914	89d62385fe358ea43209e123755ae75f0fa217ee13dd429459184986498ecde7
opt/a8-annual-frame/server.py	17330	9ce76f21a68fc8d4b3ae7209b4f721ca3fdade944ca134e73b2061185a2f0528
opt/a8-jovian-governor/ghost-anchor.json	901	6cae170957ebd8da526e87de00d070b8f822c2f534d988644e9d0a3130e92c50
opt/a8-jovian-governor/server.py	14171	f1af3b056e0a98db4339ab2ec197e3e9b820725f3befac7a641f252ed4a982c9
opt/a8-jovian-live/live-jovian.js	15840	681118494f736c266a65fd765ed6d1c5d6eaa6031df0ee2d8f00b59f8587b46e
opt/a8-jovian-live/model.json	1911	797ddcf93bf088f547263e9162078cb6e66b240bd1086ea3f88cb208afb39500
opt/a8-music-review/server.js	24472	95834ef91a5746230ec6f53ae6e4fc03438b2a093037751981f9d395976f354e
opt/a8-shadow-core/jovian-engine.js	5103	94fb0bfe7f1d1d24bf447a7e7fbe0238f6c2634bca6449cfcc656cf61b990902
opt/a8-shadow-core/server.js	5370	e060e64dff26cb0464279ebae2801f9bb5a2387696e419cca87450c795066f71
opt/a8-shadow-core/transplant1/a8-core20-recovery-input-bridge.js	7366	c0ad041f7dba0936dad9a6cd9d03c6db19c936f4b1fa6813ca253b78dc457373
opt/a8-shadow-core/transplant1/a8-external-pulse-rig-contract.js	4573	16e6173cda9518a5d6f41445d39df7e9c0db84c42a9c9b61ab067a94d6f7f269
opt/a8-shadow-core/transplant1/a8-jovian-phase-timekeeper.js	10723	fee9568c5634216a99047399ab15795c40d140793fe1518ef04b434d442aa58d
opt/a8-shadow-core/transplant1/a8-jovian-recovery-wrapper.js	15304	c7fba01c60f901ca98520b2b83e779b25de17eaff4c2fff35dd4387d041a94ed
opt/a8-shadow-ghost/server.js	4678	80227505e4053b82a22e6728f22a1f2ceeae4100609b6d302fcac3f6c3c2385a
opt/a8-shadow-recorder/recorder.js	12160	b484d2b68b8af89bab47faff3d30f3f83d4237e635f999bb1df1a468ee1a85ea
opt/a8-shadow-recorder/verify-tape.js	2189	ff9e40344bf1960b8b94728de8df383e31fe1a0db6627c10d84dd48abab2949a
opt/a8-ship-recovery/recovery/index.html	106109	dbd8799b148000fb9cac3f970dbe479eb66c1bcb4d769c2092fb388ae2094a08
opt/a8-ship-recovery/server.js	13676	e3fea6652634b14608c7f756944507fec7608f3faf97cf72522afb940aca2658
opt/a8-ship-v2/server.py	6865	fa64e0a5c81669a32b9842595d7d951574ba3c80b34adcf624e6c864db71b42e
opt/a8-ship-v2/terra-ship-slip-v2-birth.json	2538	6db05ae42b17c575e408c97507fb8830658dd1699b62cba6831ed8a8791b97b3
usr/local/lib/a8-core20-service.js	2409	7332edc295ed771bc74e4059fed9cbbe91ee9713c93644daa1073ea6656979af
usr/local/sbin/a8-ce-core20-control.py	14882	566b718f00872ae57c3346cb5201c82b26c8b2a030526b6d504d3718b5791e23
usr/local/sbin/a8-core20-autorecover	13028	80ac6f7af69758f4127674fe712dcf3ea37181719f480f788d2db8016cb6aa85
usr/local/sbin/a8-core20-checkpoint	3779	df6d0783e4d680a5653647b2a5331c9af3242db03e60b0f55a1005a4c03f9d1c
usr/local/sbin/a8-core20-external-physical-feed.py	14557	5db017f8a1d945945ed1d9eb4e7687461711e0efc948930d1cb6c06b279ec992
usr/local/sbin/a8-core20-native-snapshot-listener.py	16147	4e5394b5cd2f766df0f05a53c71f69643891b1dbc41125d0b4e333cdba2a6e87
usr/local/sbin/a8-core20-recovery-snapshot	3331	fc3d2faef3dafa9d1378f4fc6746e7cabdfe57af3443b19b4219a527e4bd0605
usr/local/sbin/a8-ghost-standby-monitor.py	10550	782a8864f1211e06987570a5327e0dd619ca1b0eb5aa91c428569fa0c0e232d8
usr/local/sbin/a8-primary-stream-cache.py	5532	3aaf9bf8ab80882428268fb8255df4749c587ef10065dd8d5f6d527e3251d849
