CATEGORY	ACTION	LIVE_PATH	REPO_TARGET	SHA256	BYTES	NOTE	OUTPUT_TYPE
CORE20	REPLACE_TRACKED	/srv/apps/a8_time_lab_v5_4_20_postseal_hw/hardware/a8-core20-server-owned-runtime.js	core20/hardware/a8-core20-server-owned-runtime.js	3f4fea45f9af516ea5367a2c2fcbfc3f0919b33b14a0b9ff7ae851365af9cf4d	33595	DIFFERENT	FROZEN_EXACT
CORE20	REPLACE_TRACKED	/srv/apps/a8_time_lab_v5_4_20_postseal_hw/hardware/a8-postseal-hardware-lab-server.js	core20/hardware/a8-postseal-hardware-lab-server.js	e17d69376024a630a6f1a9458d90a49ee84f1e87e6dd940586891441ac54f272	129308	DIFFERENT	FROZEN_EXACT
CORE20	REPLACE_TRACKED	/srv/apps/a8_time_lab_v5_4_20_postseal_hw/operations/autorecovery/a8-core20-autorecover	core20/operations/autorecovery/a8-core20-autorecover	44d47f786c75b054d507a2dbce374ca2a579ebc1a2ebdab17f9c6ff0f222acad	8140	DIFFERENT	FROZEN_EXACT
CORE20	REPLACE_TRACKED	/srv/apps/a8_time_lab_v5_4_20_postseal_hw/operations/deploy/a8-core20-service.js	core20/operations/deploy/a8-core20-service.js	e2a0ebfaf0698d49733ff1a78859fa03ed6a4e941822b9b8f468501d047b20c1	702	DIFFERENT	FROZEN_EXACT
CORE20	REPLACE_TRACKED	/srv/apps/a8_time_lab_v5_4_20_postseal_hw/public/a8-composer-v1.css	core20/public/a8-composer-v1.css	59443b6d36e76f1c4e85df75286f8c4aae4c2f11e586de81b4a5a481572d163b	16802	DIFFERENT	FROZEN_EXACT
CORE20	REPLACE_TRACKED	/srv/apps/a8_time_lab_v5_4_20_postseal_hw/public/a8-composer-v1.js	core20/public/a8-composer-v1.js	7b21f51818bb54245912408afc8630b93d89407abd98dd346b4dfff6cb104215	130785	DIFFERENT	FROZEN_EXACT
CORE20	REPLACE_TRACKED	/srv/apps/a8_time_lab_v5_4_20_postseal_hw/public/angle.html	core20/public/angle.html	503a56d198c3b92c7fe20784b533fe52546550a7176e1c8c5c602b9e78ad0f72	20665	DIFFERENT	FROZEN_EXACT
CORE20	ADD_CORE20	/srv/apps/a8_time_lab_v5_4_20_postseal_hw/public/assets/events/astronomical-events.json	core20/public/assets/events/astronomical-events.json	9697fe8875514ab98611d7519fa1d285b2874973b4b2025b0640c753eaafe760	0	NEW_REPO_PATH	SYMLINK
CORE20	REPLACE_TRACKED	/srv/apps/a8_time_lab_v5_4_20_postseal_hw/public/audio.html	core20/public/audio.html	839f6ecdabc547cf1e075f2553d83888ccd87c445d4f71f3ae0af982652900d6	104856	DIFFERENT	FROZEN_EXACT
CORE20	REPLACE_TRACKED	/srv/apps/a8_time_lab_v5_4_20_postseal_hw/public/calendar.html	core20/public/calendar.html	d28ee37c4a585276e509539cea6af41033129e6a1768651e65d4f52a4b922d3b	155262	DIFFERENT	FROZEN_EXACT
CORE20	REPLACE_TRACKED	/srv/apps/a8_time_lab_v5_4_20_postseal_hw/public/celestial-octal.html	core20/public/celestial-octal.html	4720af4c1f2d15baf4143118bf35b06e2a34adaaac2fa547b534436394fca41f	17265	DIFFERENT	FROZEN_EXACT
CORE20	REPLACE_TRACKED	/srv/apps/a8_time_lab_v5_4_20_postseal_hw/public/celestial.html	core20/public/celestial.html	2afca0d01882fe2bbce3f8c582b3162096e0940ab9d3dac0b95518bbb24c48c8	23349	DIFFERENT	FROZEN_EXACT
CORE20	ADD_CORE20	/srv/apps/a8_time_lab_v5_4_20_postseal_hw/public/chief-engineer.html	core20/public/chief-engineer.html	5922f5aefe5599886b460cf7b572c691a545f5bec0501d3ad8fd58c8e24abb1e	30478	NEW_REPO_PATH	FROZEN_EXACT
CORE20	REPLACE_TRACKED	/srv/apps/a8_time_lab_v5_4_20_postseal_hw/public/clock.html	core20/public/clock.html	fe223aa1608cbbfe07d3882533f92103b553ab8da1f3fe5e0ffd50904b27f68d	68629	DIFFERENT	FROZEN_EXACT
CORE20	REPLACE_TRACKED	/srv/apps/a8_time_lab_v5_4_20_postseal_hw/public/composer.html	core20/public/composer.html	a892250a07660d389f49dbae42acdfd16ac0e9a150444932f3499f7b765debc2	13572	DIFFERENT	FROZEN_EXACT
CORE20	REPLACE_TRACKED	/srv/apps/a8_time_lab_v5_4_20_postseal_hw/public/contestants.html	core20/public/contestants.html	ac0d69bcfb64ac754bfba2281fa17cde5d174a34ee9c29484530bee24a9fb5dd	29216	DIFFERENT	FROZEN_EXACT
CORE20	REPLACE_TRACKED	/srv/apps/a8_time_lab_v5_4_20_postseal_hw/public/data.html	core20/public/data.html	2ffbcdeca83c0d6bfced4da2d6f4c8b7964b298c8d6f5f8f4473685721327d28	24671	DIFFERENT	FROZEN_EXACT
CORE20	REPLACE_TRACKED	/srv/apps/a8_time_lab_v5_4_20_postseal_hw/public/index.html	core20/public/index.html	bf6c8b7e71e805111a0099a1bbd4796e329a80efbd985d39c08fd7a0d7a1b61f	51608	DIFFERENT	FROZEN_EXACT
CORE20	ADD_CORE20	/srv/apps/a8_time_lab_v5_4_20_postseal_hw/public/mintaka.html	core20/public/mintaka.html	cd61743423906910c31a929f0354b49e67014595772856e8d45995ae3c739d2a	41417	NEW_REPO_PATH	FROZEN_EXACT
CORE20	REPLACE_TRACKED	/srv/apps/a8_time_lab_v5_4_20_postseal_hw/public/moons.html	core20/public/moons.html	db130eb978a2ae7464712c928fbd23ff86ff1453977ea50a563a75cc51844b55	39548	DIFFERENT	FROZEN_EXACT
CORE20	REPLACE_TRACKED	/srv/apps/a8_time_lab_v5_4_20_postseal_hw/public/navigation.html	core20/public/navigation.html	14b05c2af5e0da44d2ce54e49291fdb466073303d8761a7e95b9d76f8a05b9a6	2616259	DIFFERENT	FROZEN_EXACT
CORE20	REPLACE_TRACKED	/srv/apps/a8_time_lab_v5_4_20_postseal_hw/public/observation-archive-historical.html	core20/public/observation-archive-historical.html	d91cb757e3d665f86724bfed32bb0ec9b208a7afd9507a8b072259a31bdfb769	11907	DIFFERENT	FROZEN_EXACT
CORE20	REPLACE_TRACKED	/srv/apps/a8_time_lab_v5_4_20_postseal_hw/public/physical-clock-evidence.html	core20/public/physical-clock-evidence.html	a1c9e18013715849187f8cb07d47cfd1db476fde25e071add31c89b102a1025f	19519	DIFFERENT	FROZEN_EXACT
CORE20	REPLACE_TRACKED	/srv/apps/a8_time_lab_v5_4_20_postseal_hw/public/quartz.html	core20/public/quartz.html	fbd5f565fda27cc10d5f0b9836597561d4ec3c4dcec8f29b45d7fd18515b211f	80593	DIFFERENT	FROZEN_EXACT
CORE20	ADD_CORE20	/srv/apps/a8_time_lab_v5_4_20_postseal_hw/public/relationship.html	core20/public/relationship.html	038df0d2386620c03519635ab1660d2792cad7ba52952ea1dcb4fbebaf33ba92	95604	NEW_REPO_PATH	FROZEN_EXACT
CORE20	ADD_CORE20	/srv/apps/a8_time_lab_v5_4_20_postseal_hw/public/sol.html	core20/public/sol.html	9029641edd0ec8300f977ace81ae8384a5ae4f6aaa0875fb168a27386bf3fe7c	24780	NEW_REPO_PATH	FROZEN_EXACT
CORE20	REPLACE_TRACKED	/srv/apps/a8_time_lab_v5_4_20_postseal_hw/public/telescope.html	core20/public/telescope.html	1731fa70e8edf1debcb9e5aeb716eb9db896b16a07201843f86b89f2f39a038a	15362	DIFFERENT	FROZEN_EXACT
RUNTIME_DEPLOYMENT	ADD_DEPLOYMENT_REFERENCE	/etc/a8-annual-frame/active-carrier.json	ops/live-reference-20260924/etc/a8-annual-frame/active-carrier.json	30f315cc8bb446fd352a05b4c8bc37f63f9a34a53dd00326718b0cfb47a4622b	656	REFERENCED_A8_CONFIG	FROZEN_EXACT
RUNTIME_DEPLOYMENT	ADD_DEPLOYMENT_REFERENCE	/etc/a8-core20/external-physical.env	ops/live-reference-20260924/etc/a8-core20/external-physical.env	3e59a98b38b7e476fe9c020c59c22bad0f746d1593d64f994c80d4d1381dc778	2301	REFERENCED_A8_CONFIG	FROZEN_EXACT
RUNTIME_DEPLOYMENT	ADD_DEPLOYMENT_REFERENCE	/etc/a8-core20/jovian-authority.json	ops/live-reference-20260924/etc/a8-core20/jovian-authority.json	91f0da365e2bcc6f57811f82480ac6ba346db9603e3d89f4af52c8de32d7a8b3	490	REFERENCED_A8_CONFIG	FROZEN_EXACT
RUNTIME_DEPLOYMENT	ADD_DEPLOYMENT_REFERENCE	/etc/a8-shadow-ghost.env	ops/live-reference-20260924/etc/a8-shadow-ghost.env.example	4abef9e5b8c92fbdd70cbdd656ff59e2fa05dfb0d3dc03cfd43e62e5fb14c62a	80	REFERENCED_A8_CONFIG	REDACTED_TEMPLATE
RUNTIME_DEPLOYMENT	ADD_DEPLOYMENT_REFERENCE	/etc/caddy/Caddyfile	ops/live-reference-20260924/etc/caddy/Caddyfile.redacted	3f8b13435ee6e729bf55f6f1960382018f42137ed68074741ea2cbf2f23842e8	48201	ACTIVE_CADDYFILE	REDACTED_REFERENCE
RUNTIME_DEPLOYMENT	ADD_DEPLOYMENT_REFERENCE	/etc/systemd/system/a8-annual-frame.service	ops/live-reference-20260924/etc/systemd/system/a8-annual-frame.service	bf46c70a507e93dfd13afd7bb9352cc8b2c6be586dca29487ed3a7d89f08fb4e	360	ACTIVE_SYSTEMD_UNIT	FROZEN_EXACT
RUNTIME_DEPLOYMENT	ADD_DEPLOYMENT_REFERENCE	/etc/systemd/system/a8-ce-core20-control.service	ops/live-reference-20260924/etc/systemd/system/a8-ce-core20-control.service	7ceaacb0365b7a2ecb5e57d7707d1d422a40abe307cb9b5ea4f8319939d247da	302	ACTIVE_SYSTEMD_UNIT	FROZEN_EXACT
RUNTIME_DEPLOYMENT	ADD_DEPLOYMENT_REFERENCE	/etc/systemd/system/a8-core20-external-physical.service	ops/live-reference-20260924/etc/systemd/system/a8-core20-external-physical.service	8cbe4898acb52ce5fdba994a7466a1d513672cd8205bd690fac2d4ff49b7e469	343	ACTIVE_SYSTEMD_UNIT	FROZEN_EXACT
RUNTIME_DEPLOYMENT	ADD_DEPLOYMENT_REFERENCE	/etc/systemd/system/a8-core20-native-snapshot-listener.service	ops/live-reference-20260924/etc/systemd/system/a8-core20-native-snapshot-listener.service	789c2c4a90fb2714b7e1f5cc10e17d73aef0f53b881f048cb7f074df88361af4	324	ACTIVE_SYSTEMD_UNIT	FROZEN_EXACT
RUNTIME_DEPLOYMENT	ADD_DEPLOYMENT_REFERENCE	/etc/systemd/system/a8-core20.service	ops/live-reference-20260924/etc/systemd/system/a8-core20.service	503286498fd7b98aff2f7e157c8a6fd103a801b1ad83be5a39b5c6f3822208ec	345	ACTIVE_SYSTEMD_UNIT	FROZEN_EXACT
RUNTIME_DEPLOYMENT	ADD_DEPLOYMENT_REFERENCE	/etc/systemd/system/a8-core20.service.wants/a8-core20-external-physical.service	ops/live-reference-20260924/etc/systemd/system/a8-core20.service.wants/a8-core20-external-physical.service	292135436da411088e4528f2dcbfd75fefb2ac8103d18171840bded952b497cb	0	ACTIVE_SYSTEMD_UNIT	SYMLINK
RUNTIME_DEPLOYMENT	ADD_DEPLOYMENT_REFERENCE	/etc/systemd/system/a8-ghost-standby-monitor.service	ops/live-reference-20260924/etc/systemd/system/a8-ghost-standby-monitor.service	9e7be5416463cff061f501283cb2a10dedb1c19c7e269aaecc131cc9f4756eba	631	ACTIVE_SYSTEMD_UNIT	FROZEN_EXACT
RUNTIME_DEPLOYMENT	ADD_DEPLOYMENT_REFERENCE	/etc/systemd/system/a8-jovian-governor.service	ops/live-reference-20260924/etc/systemd/system/a8-jovian-governor.service	2bf59225acc80618012c2716ea089773b80a618f86101aff9aff47013a2e98f5	290	ACTIVE_SYSTEMD_UNIT	FROZEN_EXACT
RUNTIME_DEPLOYMENT	ADD_DEPLOYMENT_REFERENCE	/etc/systemd/system/a8-jovian-live-period.service	ops/live-reference-20260924/etc/systemd/system/a8-jovian-live-period.service	82f7e4fe54d6f594ce0afea0e435aeeef81759c6237f9eb087f9c9684256faa0	263	ACTIVE_SYSTEMD_UNIT	FROZEN_EXACT
RUNTIME_DEPLOYMENT	ADD_DEPLOYMENT_REFERENCE	/etc/systemd/system/a8-music-review.service	ops/live-reference-20260924/etc/systemd/system/a8-music-review.service	a8d41b1b5ea374be499cf77767114018f74cfe2d59e3d951480c4e5867dc062a	643	NONACTIVE_OR_UNRESOLVED_SYSTEMD_UNIT	FROZEN_EXACT
RUNTIME_DEPLOYMENT	ADD_DEPLOYMENT_REFERENCE	/etc/systemd/system/a8-primary-stream-cache.service	ops/live-reference-20260924/etc/systemd/system/a8-primary-stream-cache.service	9b678683bdc0500e91eaa2ae297ef2e4982508168f2668335a4a078c20cdb8a0	289	ACTIVE_SYSTEMD_UNIT	FROZEN_EXACT
RUNTIME_DEPLOYMENT	ADD_DEPLOYMENT_REFERENCE	/etc/systemd/system/a8-shadow-core.service	ops/live-reference-20260924/etc/systemd/system/a8-shadow-core.service	e6298a5d8d875727ed6429bc95b7b1b08129e37fab198a53e07c8a87cf839e59	560	ACTIVE_SYSTEMD_UNIT	FROZEN_EXACT
RUNTIME_DEPLOYMENT	ADD_DEPLOYMENT_REFERENCE	/etc/systemd/system/a8-shadow-ghost.service	ops/live-reference-20260924/etc/systemd/system/a8-shadow-ghost.service	52a9c4853d9ed27950077e3fb5785ed589af1919127d61bc87e6280c612ea0b7	658	ACTIVE_SYSTEMD_UNIT	FROZEN_EXACT
RUNTIME_DEPLOYMENT	ADD_DEPLOYMENT_REFERENCE	/etc/systemd/system/a8-shadow-recorder.service	ops/live-reference-20260924/etc/systemd/system/a8-shadow-recorder.service	e5ce2a67273c5819ac4090355961c2304620ead6d6facba5ba02afde07e1bb13	664	ACTIVE_SYSTEMD_UNIT	FROZEN_EXACT
RUNTIME_DEPLOYMENT	ADD_DEPLOYMENT_REFERENCE	/etc/systemd/system/a8-ship-recovery.service	ops/live-reference-20260924/etc/systemd/system/a8-ship-recovery.service	428e19c62789e3d6381c253d0718954c9a22f3cddc39efe43796c98f9ae37f7f	1095	ACTIVE_SYSTEMD_UNIT	FROZEN_EXACT
RUNTIME_DEPLOYMENT	ADD_DEPLOYMENT_REFERENCE	/etc/systemd/system/a8-ship-v2.service	ops/live-reference-20260924/etc/systemd/system/a8-ship-v2.service	cc5cd7c4e585a22b48680c68f10871f6e92cf02e0a3a4323b6c35b2fd6f000a7	417	ACTIVE_SYSTEMD_UNIT	FROZEN_EXACT
RUNTIME_DEPLOYMENT	ADD_DEPLOYMENT_REFERENCE	/opt/a8-annual-frame/frame-v1.json	ops/live-reference-20260924/opt/a8-annual-frame/frame-v1.json	89d62385fe358ea43209e123755ae75f0fa217ee13dd429459184986498ecde7	6914	ACTIVE_COMPONENT_FILE	FROZEN_EXACT
RUNTIME_DEPLOYMENT	ADD_DEPLOYMENT_REFERENCE	/opt/a8-annual-frame/server.py	ops/live-reference-20260924/opt/a8-annual-frame/server.py	9ce76f21a68fc8d4b3ae7209b4f721ca3fdade944ca134e73b2061185a2f0528	17330	ACTIVE_COMPONENT_FILE	FROZEN_EXACT
RUNTIME_DEPLOYMENT	ADD_DEPLOYMENT_REFERENCE	/opt/a8-jovian-governor/ghost-anchor.json	ops/live-reference-20260924/opt/a8-jovian-governor/ghost-anchor.json	6cae170957ebd8da526e87de00d070b8f822c2f534d988644e9d0a3130e92c50	901	ACTIVE_COMPONENT_FILE	FROZEN_EXACT
RUNTIME_DEPLOYMENT	ADD_DEPLOYMENT_REFERENCE	/opt/a8-jovian-governor/server.py	ops/live-reference-20260924/opt/a8-jovian-governor/server.py	f1af3b056e0a98db4339ab2ec197e3e9b820725f3befac7a641f252ed4a982c9	14171	ACTIVE_COMPONENT_FILE	FROZEN_EXACT
RUNTIME_DEPLOYMENT	ADD_DEPLOYMENT_REFERENCE	/opt/a8-jovian-live/live-jovian.js	ops/live-reference-20260924/opt/a8-jovian-live/live-jovian.js	681118494f736c266a65fd765ed6d1c5d6eaa6031df0ee2d8f00b59f8587b46e	15840	ACTIVE_COMPONENT_FILE	FROZEN_EXACT
RUNTIME_DEPLOYMENT	ADD_DEPLOYMENT_REFERENCE	/opt/a8-jovian-live/model.json	ops/live-reference-20260924/opt/a8-jovian-live/model.json	797ddcf93bf088f547263e9162078cb6e66b240bd1086ea3f88cb208afb39500	1911	ACTIVE_COMPONENT_FILE	FROZEN_EXACT
RUNTIME_DEPLOYMENT	ADD_DEPLOYMENT_REFERENCE	/opt/a8-music-review/server.js	ops/live-reference-20260924/opt/a8-music-review/server.js	95834ef91a5746230ec6f53ae6e4fc03438b2a093037751981f9d395976f354e	24472	COMPONENT_SUPPORT_OR_STATE	FROZEN_EXACT
RUNTIME_DEPLOYMENT	ADD_DEPLOYMENT_REFERENCE	/opt/a8-shadow-core/server.js	ops/live-reference-20260924/opt/a8-shadow-core/server.js	e060e64dff26cb0464279ebae2801f9bb5a2387696e419cca87450c795066f71	5370	ACTIVE_COMPONENT_FILE	FROZEN_EXACT
RUNTIME_DEPLOYMENT	ADD_DEPLOYMENT_REFERENCE	/opt/a8-shadow-ghost/server.js	ops/live-reference-20260924/opt/a8-shadow-ghost/server.js	80227505e4053b82a22e6728f22a1f2ceeae4100609b6d302fcac3f6c3c2385a	4678	ACTIVE_COMPONENT_FILE	FROZEN_EXACT
RUNTIME_DEPLOYMENT	ADD_DEPLOYMENT_REFERENCE	/opt/a8-shadow-recorder/recorder.js	ops/live-reference-20260924/opt/a8-shadow-recorder/recorder.js	b484d2b68b8af89bab47faff3d30f3f83d4237e635f999bb1df1a468ee1a85ea	12160	ACTIVE_COMPONENT_FILE	FROZEN_EXACT
RUNTIME_DEPLOYMENT	ADD_DEPLOYMENT_REFERENCE	/opt/a8-ship-recovery/recovery/index.html	ops/live-reference-20260924/opt/a8-ship-recovery/recovery/index.html	dbd8799b148000fb9cac3f970dbe479eb66c1bcb4d769c2092fb388ae2094a08	106109	ACTIVE_COMPONENT_FILE	FROZEN_EXACT
RUNTIME_DEPLOYMENT	ADD_DEPLOYMENT_REFERENCE	/opt/a8-ship-recovery/server.js	ops/live-reference-20260924/opt/a8-ship-recovery/server.js	e3fea6652634b14608c7f756944507fec7608f3faf97cf72522afb940aca2658	13676	ACTIVE_COMPONENT_FILE	FROZEN_EXACT
RUNTIME_DEPLOYMENT	ADD_DEPLOYMENT_REFERENCE	/opt/a8-ship-v2/server.py	ops/live-reference-20260924/opt/a8-ship-v2/server.py	fa64e0a5c81669a32b9842595d7d951574ba3c80b34adcf624e6c864db71b42e	6865	ACTIVE_COMPONENT_FILE	FROZEN_EXACT
RUNTIME_DEPLOYMENT	ADD_DEPLOYMENT_REFERENCE	/opt/a8-ship-v2/terra-ship-slip-v2-birth.json	ops/live-reference-20260924/opt/a8-ship-v2/terra-ship-slip-v2-birth.json	6db05ae42b17c575e408c97507fb8830658dd1699b62cba6831ed8a8791b97b3	2538	ACTIVE_COMPONENT_FILE	FROZEN_EXACT
RUNTIME_DEPLOYMENT	ADD_DEPLOYMENT_REFERENCE	/usr/local/lib/a8-core20-service.js	ops/live-reference-20260924/usr/local/lib/a8-core20-service.js	7332edc295ed771bc74e4059fed9cbbe91ee9713c93644daa1073ea6656979af	2409	ACTIVE_RUNTIME_ENTRYPOINT	FROZEN_EXACT
RUNTIME_DEPLOYMENT	ADD_DEPLOYMENT_REFERENCE	/usr/local/sbin/a8-ce-core20-control.py	ops/live-reference-20260924/usr/local/sbin/a8-ce-core20-control.py	566b718f00872ae57c3346cb5201c82b26c8b2a030526b6d504d3718b5791e23	14882	ACTIVE_RUNTIME_ENTRYPOINT	FROZEN_EXACT
RUNTIME_DEPLOYMENT	ADD_DEPLOYMENT_REFERENCE	/usr/local/sbin/a8-core20-external-physical-feed.py	ops/live-reference-20260924/usr/local/sbin/a8-core20-external-physical-feed.py	5db017f8a1d945945ed1d9eb4e7687461711e0efc948930d1cb6c06b279ec992	14557	ACTIVE_RUNTIME_ENTRYPOINT	FROZEN_EXACT
RUNTIME_DEPLOYMENT	ADD_DEPLOYMENT_REFERENCE	/usr/local/sbin/a8-core20-native-snapshot-listener.py	ops/live-reference-20260924/usr/local/sbin/a8-core20-native-snapshot-listener.py	4e5394b5cd2f766df0f05a53c71f69643891b1dbc41125d0b4e333cdba2a6e87	16147	ACTIVE_RUNTIME_ENTRYPOINT	FROZEN_EXACT
RUNTIME_DEPLOYMENT	ADD_DEPLOYMENT_REFERENCE	/usr/local/sbin/a8-ghost-standby-monitor.py	ops/live-reference-20260924/usr/local/sbin/a8-ghost-standby-monitor.py	782a8864f1211e06987570a5327e0dd619ca1b0eb5aa91c428569fa0c0e232d8	10550	ACTIVE_RUNTIME_ENTRYPOINT	FROZEN_EXACT
RUNTIME_DEPLOYMENT	ADD_DEPLOYMENT_REFERENCE	/usr/local/sbin/a8-primary-stream-cache.py	ops/live-reference-20260924/usr/local/sbin/a8-primary-stream-cache.py	3aaf9bf8ab80882428268fb8255df4749c587ef10065dd8d5f6d527e3251d849	5532	ACTIVE_RUNTIME_ENTRYPOINT	FROZEN_EXACT
TRACKED_SITE_UPDATE	REPLACE_TRACKED	/srv/sites/about.cosigo.io/public/about.html	sites/about.cosigo.io/public/about.html	2b06c9584b8d92f279884b50c78c36162ab29b94223d5bd09a34c9d90a1891f4	229423	Frozen Sep-24 replacement of Sep-20 tracked page	FROZEN_EXACT
TRACKED_SITE_UPDATE	REPLACE_TRACKED	/srv/sites/about.cosigo.io/public/index.html	sites/about.cosigo.io/public/index.html	2b06c9584b8d92f279884b50c78c36162ab29b94223d5bd09a34c9d90a1891f4	229423	Frozen Sep-24 replacement of Sep-20 tracked page	FROZEN_EXACT
TRACKED_SITE_UPDATE	REPLACE_TRACKED	/srv/sites/calendar.cosigo.io/public/calendar.html	sites/calendar.cosigo.io/public/calendar.html	1a22025c8530a5b30148b5ee64e7ce7d0909efcee1f4fb36de24ea8748f69708	164005	Frozen Sep-24 replacement of Sep-20 tracked page	FROZEN_EXACT
TRACKED_SITE_UPDATE	REPLACE_TRACKED	/srv/sites/calendar.cosigo.io/public/index.html	sites/calendar.cosigo.io/public/index.html	1a22025c8530a5b30148b5ee64e7ce7d0909efcee1f4fb36de24ea8748f69708	164005	Frozen Sep-24 replacement of Sep-20 tracked page	FROZEN_EXACT
TRACKED_SITE_UPDATE	REPLACE_TRACKED	/srv/sites/ce.cosigo.io/public/chief-engineer.html	sites/ce.cosigo.io/public/chief-engineer.html	77bc14d90885e0f2be8a781bc3233bc00336b62579bb3ddb506ad309eaede59d	66130	Frozen Sep-24 replacement of Sep-20 tracked page	FROZEN_EXACT
TRACKED_SITE_UPDATE	REPLACE_TRACKED	/srv/sites/ce.cosigo.io/public/index.html	sites/ce.cosigo.io/public/index.html	77bc14d90885e0f2be8a781bc3233bc00336b62579bb3ddb506ad309eaede59d	66130	Frozen Sep-24 replacement of Sep-20 tracked page	FROZEN_EXACT
TRACKED_SITE_UPDATE	REPLACE_TRACKED	/srv/sites/clock.cosigo.io/public/clock.html	sites/clock.cosigo.io/public/clock.html	de2ad2f4d82fcde552e61d2e8abbfaaaf2b50b566ae893759fe72191d13b5ebe	75877	Frozen Sep-24 replacement of Sep-20 tracked page	FROZEN_EXACT
TRACKED_SITE_UPDATE	REPLACE_TRACKED	/srv/sites/clock.cosigo.io/public/index.html	sites/clock.cosigo.io/public/index.html	d230824510deef31782ef1bebc0c70f2f48b1b36aff6e90ad6d3603d94e3f5f2	70159	Frozen Sep-24 replacement of Sep-20 tracked page	FROZEN_EXACT
TRACKED_SITE_UPDATE	REPLACE_TRACKED	/srv/sites/data.cosigo.io/public/data.html	sites/data.cosigo.io/public/data.html	a1519751a46bcab76254db9761b5ae8b6159bd514c641ef719cf9962c10b207d	51547	Frozen Sep-24 replacement of Sep-20 tracked page	FROZEN_EXACT
EVIDENCE	ADD_SITE_PATH	/srv/sites/data.cosigo.io/public/evidence/jovian/2026-09-21-four-moon-alignment-v1/Kooha-2026-09-21-05-16-36.mkv	sites/data.cosigo.io/public/evidence/jovian/2026-09-21-four-moon-alignment-v1/Kooha-2026-09-21-05-16-36.mkv	0bd8d57370c3ce9e2dde45df3b1f9dcee129c00fc8e9c8ae3544cf9827ae35c6	5008119	Frozen physical/evidence asset	FROZEN_EXACT
EVIDENCE	ADD_SITE_PATH	/srv/sites/data.cosigo.io/public/evidence/jovian/2026-09-21-four-moon-alignment-v1/Kooha-2026-09-21-05-38-48.mkv	sites/data.cosigo.io/public/evidence/jovian/2026-09-21-four-moon-alignment-v1/Kooha-2026-09-21-05-38-48.mkv	b7dd73c15c9b9f73b91a01da007edfbf80411122529a05ec175a850f5fe9e6dd	7183240	Frozen physical/evidence asset	FROZEN_EXACT
EVIDENCE	ADD_SITE_PATH	/srv/sites/data.cosigo.io/public/evidence/jovian/2026-09-21-four-moon-alignment-v1/README.txt	sites/data.cosigo.io/public/evidence/jovian/2026-09-21-four-moon-alignment-v1/README.txt	b78f9d0202e3adbf3d7839b088baa55b0a3954db61d4e7cd4beb0e3ef83dcfdc	3849	Frozen physical/evidence asset	FROZEN_EXACT
EVIDENCE	ADD_SITE_PATH	/srv/sites/data.cosigo.io/public/evidence/jovian/2026-09-21-four-moon-alignment-v1/SHA256SUMS	sites/data.cosigo.io/public/evidence/jovian/2026-09-21-four-moon-alignment-v1/SHA256SUMS	1a80d66908db09a04b07a80a0c058e2f33c74b88be2566c22cd456e900dfcffe	691	Frozen physical/evidence asset	FROZEN_EXACT
EVIDENCE	ADD_SITE_PATH	/srv/sites/data.cosigo.io/public/evidence/jovian/2026-09-21-four-moon-alignment-v1/core20-check.txt	sites/data.cosigo.io/public/evidence/jovian/2026-09-21-four-moon-alignment-v1/core20-check.txt	d6d345d025e6930148ecfd53a62972b4b66548f1c1588985c41bbfeacade01a1	1492	Frozen physical/evidence asset	FROZEN_EXACT
EVIDENCE	ADD_SITE_PATH	/srv/sites/data.cosigo.io/public/evidence/jovian/2026-09-21-four-moon-alignment-v1/entry014.html	sites/data.cosigo.io/public/evidence/jovian/2026-09-21-four-moon-alignment-v1/entry014.html	146c11d98d5d7c69a6d778966defa2684895e06e17f7df09f1609f05d7b7f9ec	3022	Frozen physical/evidence asset	FROZEN_EXACT
EVIDENCE	ADD_SITE_PATH	/srv/sites/data.cosigo.io/public/evidence/jovian/2026-09-21-four-moon-alignment-v1/observation.json	sites/data.cosigo.io/public/evidence/jovian/2026-09-21-four-moon-alignment-v1/observation.json	c95b899e2d0bebed37dedf87f2f38c0bf3baca4efa3f0e0f62436bfc96edb9e0	9827	Frozen physical/evidence asset	FROZEN_EXACT
EVIDENCE	ADD_SITE_PATH	/srv/sites/data.cosigo.io/public/evidence/jovian/2026-09-21-four-moon-alignment-v1/witness-early-10s.png	sites/data.cosigo.io/public/evidence/jovian/2026-09-21-four-moon-alignment-v1/witness-early-10s.png	8d5a3807ad32cd213cec790a68a3bae1eb90e2f39d95d0f2f93b0d4daad2f7b8	203814	Frozen physical/evidence asset	FROZEN_EXACT
EVIDENCE	ADD_SITE_PATH	/srv/sites/data.cosigo.io/public/evidence/jovian/2026-09-21-four-moon-alignment-v1/witness-later-10s.png	sites/data.cosigo.io/public/evidence/jovian/2026-09-21-four-moon-alignment-v1/witness-later-10s.png	4b21026cfd153a2d59a4eff0566ab6274c15a6bba6c345980676f8e91a6678a8	211332	Frozen physical/evidence asset	FROZEN_EXACT
EVIDENCE	ADD_SITE_PATH	/srv/sites/data.cosigo.io/public/evidence/mintaka/2026-09-19-angle-repeat-epoch7-v1/README.txt	sites/data.cosigo.io/public/evidence/mintaka/2026-09-19-angle-repeat-epoch7-v1/README.txt	49d3f8c2e7000d8403ec536740228b0bd20f1d3c6df1f10e9bd4e9c9aa2e35ac	3179	Frozen physical/evidence asset	FROZEN_EXACT
EVIDENCE	ADD_SITE_PATH	/srv/sites/data.cosigo.io/public/evidence/mintaka/2026-09-19-angle-repeat-epoch7-v1/SHA256SUMS	sites/data.cosigo.io/public/evidence/mintaka/2026-09-19-angle-repeat-epoch7-v1/SHA256SUMS	37a16f5b257daaa36ea730639ff195ba29e233b14444921d34b6f174bfe96ed0	730	Frozen physical/evidence asset	FROZEN_EXACT
EVIDENCE	ADD_SITE_PATH	/srv/sites/data.cosigo.io/public/evidence/mintaka/2026-09-19-angle-repeat-epoch7-v1/aligned-stack-1.png	sites/data.cosigo.io/public/evidence/mintaka/2026-09-19-angle-repeat-epoch7-v1/aligned-stack-1.png	88a59e351a74f18cc5e3f35c029ca4203e968343635ce0310c2bfcad01563946	13761	Frozen physical/evidence asset	FROZEN_EXACT
EVIDENCE	ADD_SITE_PATH	/srv/sites/data.cosigo.io/public/evidence/mintaka/2026-09-19-angle-repeat-epoch7-v1/aligned-stack-2.png	sites/data.cosigo.io/public/evidence/mintaka/2026-09-19-angle-repeat-epoch7-v1/aligned-stack-2.png	cf042a5cc26bc16964bb681beaa1ae477e0cc48c49c5c78f1aefafd959b5a2e5	16668	Frozen physical/evidence asset	FROZEN_EXACT
EVIDENCE	ADD_SITE_PATH	/srv/sites/data.cosigo.io/public/evidence/mintaka/2026-09-19-angle-repeat-epoch7-v1/mintaka-sep19-analysis.json	sites/data.cosigo.io/public/evidence/mintaka/2026-09-19-angle-repeat-epoch7-v1/mintaka-sep19-analysis.json	9437d21cfc36ccae8843ec59362c6ccb1aa9ae64967d17350cac6cee8d71a45f	3738	Frozen physical/evidence asset	FROZEN_EXACT
EVIDENCE	ADD_SITE_PATH	/srv/sites/data.cosigo.io/public/evidence/mintaka/2026-09-19-angle-repeat-epoch7-v1/mintaka-sep19-measurements.csv	sites/data.cosigo.io/public/evidence/mintaka/2026-09-19-angle-repeat-epoch7-v1/mintaka-sep19-measurements.csv	8232f0b18e304f1ceea1ee4c679f87b3766a18350c8723057312e2d980fe2e74	528	Frozen physical/evidence asset	FROZEN_EXACT
EVIDENCE	ADD_SITE_PATH	/srv/sites/data.cosigo.io/public/evidence/mintaka/2026-09-19-angle-repeat-epoch7-v1/mintaka-sep19-repeat-evidence.png	sites/data.cosigo.io/public/evidence/mintaka/2026-09-19-angle-repeat-epoch7-v1/mintaka-sep19-repeat-evidence.png	6fd9976fece754c3f8d07da04d0279baced6d574517a3fa20c1c81bce71edb10	77044	Frozen physical/evidence asset	FROZEN_EXACT
EVIDENCE	ADD_SITE_PATH	/srv/sites/data.cosigo.io/public/evidence/mintaka/2026-09-19-angle-repeat-epoch7-v1/representative-witness-1.png	sites/data.cosigo.io/public/evidence/mintaka/2026-09-19-angle-repeat-epoch7-v1/representative-witness-1.png	57afc8f6db832a89d53ce57b9ae5dc96c626f11ff5da333afdf452efe7170112	144595	Frozen physical/evidence asset	FROZEN_EXACT
EVIDENCE	ADD_SITE_PATH	/srv/sites/data.cosigo.io/public/evidence/mintaka/2026-09-19-angle-repeat-epoch7-v1/representative-witness-2.png	sites/data.cosigo.io/public/evidence/mintaka/2026-09-19-angle-repeat-epoch7-v1/representative-witness-2.png	30f7e45fc777b63d8ff198566839a7c7317eb429027ddf45fdf7af537cd5369d	144666	Frozen physical/evidence asset	FROZEN_EXACT
EVIDENCE	ADD_SITE_PATH	/srv/sites/data.cosigo.io/public/evidence/sol/2026-09-19-fixed-frame-year-angle-v1/README.txt	sites/data.cosigo.io/public/evidence/sol/2026-09-19-fixed-frame-year-angle-v1/README.txt	a5ff0101b72ec67f287ca88933603e3c683b5691ddedc64bf333a751bd31a27b	4042	Frozen physical/evidence asset	FROZEN_EXACT
EVIDENCE	ADD_SITE_PATH	/srv/sites/data.cosigo.io/public/evidence/sol/2026-09-19-fixed-frame-year-angle-v1/SHA256SUMS	sites/data.cosigo.io/public/evidence/sol/2026-09-19-fixed-frame-year-angle-v1/SHA256SUMS	d96a2501f8adb672a4a794bce014e5ccbb2f01ea216c64f1c82e4da9cdd96471	562	Frozen physical/evidence asset	FROZEN_EXACT
EVIDENCE	ADD_SITE_PATH	/srv/sites/data.cosigo.io/public/evidence/sol/2026-09-19-fixed-frame-year-angle-v1/sol-pass-1-center-triptych.jpg	sites/data.cosigo.io/public/evidence/sol/2026-09-19-fixed-frame-year-angle-v1/sol-pass-1-center-triptych.jpg	c32f17b22e5c9ddba4ea267b58b7d3ee0b92d77bcb36fa0e90d68da857a9e212	111006	Frozen physical/evidence asset	FROZEN_EXACT
EVIDENCE	ADD_SITE_PATH	/srv/sites/data.cosigo.io/public/evidence/sol/2026-09-19-fixed-frame-year-angle-v1/sol-pass-2-center-triptych.jpg	sites/data.cosigo.io/public/evidence/sol/2026-09-19-fixed-frame-year-angle-v1/sol-pass-2-center-triptych.jpg	763871ffd1011bdbb3d6e13644dd3a4005a36557b00e589fa6a5ccf646a02184	129362	Frozen physical/evidence asset	FROZEN_EXACT
EVIDENCE	ADD_SITE_PATH	/srv/sites/data.cosigo.io/public/evidence/sol/2026-09-19-fixed-frame-year-angle-v1/sol-sep19-crossings.csv	sites/data.cosigo.io/public/evidence/sol/2026-09-19-fixed-frame-year-angle-v1/sol-sep19-crossings.csv	407d380893f4df44181dcc21ad018b62636888c64d739bb032b65d999395e8d2	320	Frozen physical/evidence asset	FROZEN_EXACT
EVIDENCE	ADD_SITE_PATH	/srv/sites/data.cosigo.io/public/evidence/sol/2026-09-19-fixed-frame-year-angle-v1/sol-sep19-year-angle-analysis.json	sites/data.cosigo.io/public/evidence/sol/2026-09-19-fixed-frame-year-angle-v1/sol-sep19-year-angle-analysis.json	9458493786660874a80f6e2b49e9e1f10d2e19596982f4e10765e35346d9da65	4066	Frozen physical/evidence asset	FROZEN_EXACT
EVIDENCE	ADD_SITE_PATH	/srv/sites/data.cosigo.io/public/evidence/sol/2026-09-19-fixed-frame-year-angle-v1/sol-sep19-year-angle-evidence.jpg	sites/data.cosigo.io/public/evidence/sol/2026-09-19-fixed-frame-year-angle-v1/sol-sep19-year-angle-evidence.jpg	e3e0420c2607ae4fa79e706ce75229f3ea9cf754d382bd1ad1dd1a0e69fab954	135530	Frozen physical/evidence asset	FROZEN_EXACT
EVIDENCE	ADD_SITE_PATH	/srv/sites/data.cosigo.io/public/evidence/sol/2026-09-22-equinox-native-v2/SHA256SUMS.txt	sites/data.cosigo.io/public/evidence/sol/2026-09-22-equinox-native-v2/SHA256SUMS.txt	6b18f4cb05407e357dc7cc0cea7bf99c7cc4d4d9e1639008c7256ca71ec5646f	820	Frozen physical/evidence asset	FROZEN_EXACT
EVIDENCE	ADD_SITE_PATH	/srv/sites/data.cosigo.io/public/evidence/sol/2026-09-22-equinox-native-v2/analysis.json	sites/data.cosigo.io/public/evidence/sol/2026-09-22-equinox-native-v2/analysis.json	8270c116e4cddf399ece753dba6dac7a78f79654da6911944f3b7b9c60ae256e	5229	Frozen physical/evidence asset	FROZEN_EXACT
EVIDENCE	ADD_SITE_PATH	/srv/sites/data.cosigo.io/public/evidence/sol/2026-09-22-equinox-native-v2/clock-discipline-context.json	sites/data.cosigo.io/public/evidence/sol/2026-09-22-equinox-native-v2/clock-discipline-context.json	c6063a0945ab996144b77f6f927ffb7cdb59491f2083cd3c40392da748f2abff	609	Frozen physical/evidence asset	FROZEN_EXACT
EVIDENCE	ADD_SITE_PATH	/srv/sites/data.cosigo.io/public/evidence/sol/2026-09-22-equinox-native-v2/frames/cross-centerline-bracket.jpg	sites/data.cosigo.io/public/evidence/sol/2026-09-22-equinox-native-v2/frames/cross-centerline-bracket.jpg	eb7dbc8c829e87b6f1cee00c1ca2abf87024b8746b1fe4d7e194f616e6e626b5	81205	Frozen physical/evidence asset	FROZEN_EXACT
EVIDENCE	ADD_SITE_PATH	/srv/sites/data.cosigo.io/public/evidence/sol/2026-09-22-equinox-native-v2/frames/cross-centerline.png	sites/data.cosigo.io/public/evidence/sol/2026-09-22-equinox-native-v2/frames/cross-centerline.png	618bb19c04d78fc8dd11519e60033ae5c3e378c0b824247ee239904870692a2f	670701	Frozen physical/evidence asset	FROZEN_EXACT
EVIDENCE	ADD_SITE_PATH	/srv/sites/data.cosigo.io/public/evidence/sol/2026-09-22-equinox-native-v2/frames/post-centerline.png	sites/data.cosigo.io/public/evidence/sol/2026-09-22-equinox-native-v2/frames/post-centerline.png	755017f80976e3d687a29a737ca56c84998015f295cf68b95d965d72d7e764f7	562268	Frozen physical/evidence asset	FROZEN_EXACT
EVIDENCE	ADD_SITE_PATH	/srv/sites/data.cosigo.io/public/evidence/sol/2026-09-22-equinox-native-v2/frames/pre-centerline.png	sites/data.cosigo.io/public/evidence/sol/2026-09-22-equinox-native-v2/frames/pre-centerline.png	88bab90995c853e684cae32de5e6ba46659c0e3368a800ce55f46ed6dd7a9c16	303385	Frozen physical/evidence asset	FROZEN_EXACT
EVIDENCE	ADD_SITE_PATH	/srv/sites/data.cosigo.io/public/evidence/sol/2026-09-22-equinox-native-v2/frames/three-centerline-witnesses.jpg	sites/data.cosigo.io/public/evidence/sol/2026-09-22-equinox-native-v2/frames/three-centerline-witnesses.jpg	e2f3eaef0a02f12c4f93202faaa4607ac9c1d7db8c451ce5e7aef93aa65fda78	71669	Frozen physical/evidence asset	FROZEN_EXACT
EVIDENCE	ADD_SITE_PATH	/srv/sites/data.cosigo.io/public/evidence/sol/2026-09-22-equinox-native-v2/measurements.csv	sites/data.cosigo.io/public/evidence/sol/2026-09-22-equinox-native-v2/measurements.csv	3a3f525bf85cb12b25b44ee8c079cb062168c4388e719037dff841dacaca9ca2	616	Frozen physical/evidence asset	FROZEN_EXACT
TRACKED_SITE_UPDATE	REPLACE_TRACKED	/srv/sites/data.cosigo.io/public/index.html	sites/data.cosigo.io/public/index.html	a1519751a46bcab76254db9761b5ae8b6159bd514c641ef719cf9962c10b207d	51547	Frozen Sep-24 replacement of Sep-20 tracked page	FROZEN_EXACT
SITE_NEW_CURRENT	ADD_SITE_PATH	/srv/sites/lab.cosigo.io/public/a8-core20-clock-observer.js	sites/lab.cosigo.io/public/a8-core20-clock-observer.js	1da8c6f3c4264a6d7e21d104665bee1dc0d37ae9c0b9c203311d90a4d1dce92f	7858	Current site support/content	FROZEN_EXACT
SITE_NEW_CURRENT	ADD_SITE_PATH	/srv/sites/lab.cosigo.io/public/assets/jovian-authority.json	sites/lab.cosigo.io/public/assets/jovian-authority.json	7b8ebde8db47afb7a813a11118085a0e4a4906d2496d4068bfec6f78535ff2ee	0	Current site support/content	SYMLINK
TRACKED_SITE_UPDATE	REPLACE_TRACKED	/srv/sites/lab.cosigo.io/public/index.html	sites/lab.cosigo.io/public/index.html	7c1e4cda8a821cb13e2b2c117de273d77dbf175609a72a1a0fbd4d9b02d55054	107752	Frozen Sep-24 replacement of Sep-20 tracked page	FROZEN_EXACT
TRACKED_SITE_UPDATE	REPLACE_TRACKED	/srv/sites/mintaka.cosigo.io/public/index.html	sites/mintaka.cosigo.io/public/index.html	6f49c2cf00aaabe72a4dc7039cfbbdf20800fac002fb938fe5d52256d41bab27	47589	Frozen Sep-24 replacement of Sep-20 tracked page	FROZEN_EXACT
TRACKED_SITE_UPDATE	REPLACE_TRACKED	/srv/sites/mintaka.cosigo.io/public/mintaka.html	sites/mintaka.cosigo.io/public/mintaka.html	6f49c2cf00aaabe72a4dc7039cfbbdf20800fac002fb938fe5d52256d41bab27	47589	Frozen Sep-24 replacement of Sep-20 tracked page	FROZEN_EXACT
SITE_NEW_CURRENT	ADD_SITE_PATH	/srv/sites/moons.cosigo.io/public/a8-core20-clock-observer.js	sites/moons.cosigo.io/public/a8-core20-clock-observer.js	1da8c6f3c4264a6d7e21d104665bee1dc0d37ae9c0b9c203311d90a4d1dce92f	7858	Current site support/content	FROZEN_EXACT
SITE_NEW_CURRENT	ADD_SITE_PATH	/srv/sites/moons.cosigo.io/public/assets/a8-core20-clock-observer.js	sites/moons.cosigo.io/public/assets/a8-core20-clock-observer.js	1da8c6f3c4264a6d7e21d104665bee1dc0d37ae9c0b9c203311d90a4d1dce92f	7858	Current site support/content	FROZEN_EXACT
SITE_NEW_CURRENT	ADD_SITE_PATH	/srv/sites/moons.cosigo.io/public/assets/a8-moons-active-handoff-v1.json	sites/moons.cosigo.io/public/assets/a8-moons-active-handoff-v1.json	84fa486068bc99f1eb05704b6e2e3c64bd11261e809ee8e554ff539224c8427a	1696	Current site support/content	FROZEN_EXACT
TRACKED_SITE_UPDATE	REPLACE_TRACKED	/srv/sites/moons.cosigo.io/public/index.html	sites/moons.cosigo.io/public/index.html	45aceeea950de8980ffd2f3af0f12e9c7ce3cdf0a5b0e675a40ee239792fc207	55410	Frozen Sep-24 replacement of Sep-20 tracked page	FROZEN_EXACT
TRACKED_SITE_UPDATE	REPLACE_TRACKED	/srv/sites/moons.cosigo.io/public/moons.html	sites/moons.cosigo.io/public/moons.html	1552cde20a31fe89dab3ffb2ccc9f7ec1e7318302d470d8da35466ec649a689d	50976	Frozen Sep-24 replacement of Sep-20 tracked page	FROZEN_EXACT
TRACKED_SITE_UPDATE	REPLACE_TRACKED	/srv/sites/shadow.cosigo.io/public/index.html	sites/shadow.cosigo.io/public/index.html	cbc1ae19e8f7253d28632244ecd0cba08d3da2ea44bbeedcf7bed2a4cc14a7f6	17971	Frozen Sep-24 replacement of Sep-20 tracked page	FROZEN_EXACT
TRACKED_SITE_UPDATE	REPLACE_TRACKED	/srv/sites/ship.cosigo.io/public/index.html	sites/ship.cosigo.io/public/index.html	1bf5b780620fa2b402cd5ea64767a53ea8e20e5101f70c5f1df8f0562b36cbde	110959	Frozen Sep-24 replacement of Sep-20 tracked page	FROZEN_EXACT
TRACKED_SITE_UPDATE	REPLACE_TRACKED	/srv/sites/sol.cosigo.io/public/index.html	sites/sol.cosigo.io/public/index.html	f78b42063c6946ac5ddf47f43c9dddac25c4d973b96a4d0dc5a9ce538184cbaa	47142	Frozen Sep-24 replacement of Sep-20 tracked page	FROZEN_EXACT
TRACKED_SITE_UPDATE	REPLACE_TRACKED	/srv/sites/sol.cosigo.io/public/sol.html	sites/sol.cosigo.io/public/sol.html	f78b42063c6946ac5ddf47f43c9dddac25c4d973b96a4d0dc5a9ce538184cbaa	47142	Frozen Sep-24 replacement of Sep-20 tracked page	FROZEN_EXACT
