LIVE_PATH	SOURCE_SHA256	EXPECTED_SHA256	VERIFY	REPO_TARGET	OUTPUT_TYPE	OUTPUT_SHA256
/etc/a8-annual-frame/active-carrier.json	30f315cc8bb446fd352a05b4c8bc37f63f9a34a53dd00326718b0cfb47a4622b	30f315cc8bb446fd352a05b4c8bc37f63f9a34a53dd00326718b0cfb47a4622b	PASS	ops/live-reference-20260924/etc/a8-annual-frame/active-carrier.json	FROZEN_EXACT	30f315cc8bb446fd352a05b4c8bc37f63f9a34a53dd00326718b0cfb47a4622b
/etc/a8-core20/external-physical.env	3e59a98b38b7e476fe9c020c59c22bad0f746d1593d64f994c80d4d1381dc778	3e59a98b38b7e476fe9c020c59c22bad0f746d1593d64f994c80d4d1381dc778	PASS	ops/live-reference-20260924/etc/a8-core20/external-physical.env	FROZEN_EXACT	3e59a98b38b7e476fe9c020c59c22bad0f746d1593d64f994c80d4d1381dc778
/etc/a8-core20/jovian-authority.json	91f0da365e2bcc6f57811f82480ac6ba346db9603e3d89f4af52c8de32d7a8b3	91f0da365e2bcc6f57811f82480ac6ba346db9603e3d89f4af52c8de32d7a8b3	PASS	ops/live-reference-20260924/etc/a8-core20/jovian-authority.json	FROZEN_EXACT	91f0da365e2bcc6f57811f82480ac6ba346db9603e3d89f4af52c8de32d7a8b3
/etc/a8-shadow-ghost.env	4abef9e5b8c92fbdd70cbdd656ff59e2fa05dfb0d3dc03cfd43e62e5fb14c62a	4abef9e5b8c92fbdd70cbdd656ff59e2fa05dfb0d3dc03cfd43e62e5fb14c62a	PASS	ops/live-reference-20260924/etc/a8-shadow-ghost.env.example	REDACTED_TEMPLATE	ca64b583b59319fdcba4fba361da51ebf215c69ff2793281e050f661788c8059
/etc/caddy/Caddyfile	3f8b13435ee6e729bf55f6f1960382018f42137ed68074741ea2cbf2f23842e8	3f8b13435ee6e729bf55f6f1960382018f42137ed68074741ea2cbf2f23842e8	PASS	ops/live-reference-20260924/etc/caddy/Caddyfile.redacted	REDACTED_REFERENCE	9e7698b3f9d5aaa1109a823db7880c872811fdb663ba9885ad49418457792e2b
/etc/systemd/system/a8-annual-frame.service	bf46c70a507e93dfd13afd7bb9352cc8b2c6be586dca29487ed3a7d89f08fb4e	bf46c70a507e93dfd13afd7bb9352cc8b2c6be586dca29487ed3a7d89f08fb4e	PASS	ops/live-reference-20260924/etc/systemd/system/a8-annual-frame.service	FROZEN_EXACT	bf46c70a507e93dfd13afd7bb9352cc8b2c6be586dca29487ed3a7d89f08fb4e
/etc/systemd/system/a8-ce-core20-control.service	7ceaacb0365b7a2ecb5e57d7707d1d422a40abe307cb9b5ea4f8319939d247da	7ceaacb0365b7a2ecb5e57d7707d1d422a40abe307cb9b5ea4f8319939d247da	PASS	ops/live-reference-20260924/etc/systemd/system/a8-ce-core20-control.service	FROZEN_EXACT	7ceaacb0365b7a2ecb5e57d7707d1d422a40abe307cb9b5ea4f8319939d247da
/etc/systemd/system/a8-core20-external-physical.service	8cbe4898acb52ce5fdba994a7466a1d513672cd8205bd690fac2d4ff49b7e469	8cbe4898acb52ce5fdba994a7466a1d513672cd8205bd690fac2d4ff49b7e469	PASS	ops/live-reference-20260924/etc/systemd/system/a8-core20-external-physical.service	FROZEN_EXACT	8cbe4898acb52ce5fdba994a7466a1d513672cd8205bd690fac2d4ff49b7e469
/etc/systemd/system/a8-core20-native-snapshot-listener.service	789c2c4a90fb2714b7e1f5cc10e17d73aef0f53b881f048cb7f074df88361af4	789c2c4a90fb2714b7e1f5cc10e17d73aef0f53b881f048cb7f074df88361af4	PASS	ops/live-reference-20260924/etc/systemd/system/a8-core20-native-snapshot-listener.service	FROZEN_EXACT	789c2c4a90fb2714b7e1f5cc10e17d73aef0f53b881f048cb7f074df88361af4
/etc/systemd/system/a8-core20.service	503286498fd7b98aff2f7e157c8a6fd103a801b1ad83be5a39b5c6f3822208ec	503286498fd7b98aff2f7e157c8a6fd103a801b1ad83be5a39b5c6f3822208ec	PASS	ops/live-reference-20260924/etc/systemd/system/a8-core20.service	FROZEN_EXACT	503286498fd7b98aff2f7e157c8a6fd103a801b1ad83be5a39b5c6f3822208ec
/etc/systemd/system/a8-core20.service.wants/a8-core20-external-physical.service	292135436da411088e4528f2dcbfd75fefb2ac8103d18171840bded952b497cb	292135436da411088e4528f2dcbfd75fefb2ac8103d18171840bded952b497cb	PASS	ops/live-reference-20260924/etc/systemd/system/a8-core20.service.wants/a8-core20-external-physical.service	SYMLINK	292135436da411088e4528f2dcbfd75fefb2ac8103d18171840bded952b497cb
/etc/systemd/system/a8-ghost-standby-monitor.service	9e7be5416463cff061f501283cb2a10dedb1c19c7e269aaecc131cc9f4756eba	9e7be5416463cff061f501283cb2a10dedb1c19c7e269aaecc131cc9f4756eba	PASS	ops/live-reference-20260924/etc/systemd/system/a8-ghost-standby-monitor.service	FROZEN_EXACT	9e7be5416463cff061f501283cb2a10dedb1c19c7e269aaecc131cc9f4756eba
/etc/systemd/system/a8-jovian-governor.service	2bf59225acc80618012c2716ea089773b80a618f86101aff9aff47013a2e98f5	2bf59225acc80618012c2716ea089773b80a618f86101aff9aff47013a2e98f5	PASS	ops/live-reference-20260924/etc/systemd/system/a8-jovian-governor.service	FROZEN_EXACT	2bf59225acc80618012c2716ea089773b80a618f86101aff9aff47013a2e98f5
/etc/systemd/system/a8-jovian-live-period.service	82f7e4fe54d6f594ce0afea0e435aeeef81759c6237f9eb087f9c9684256faa0	82f7e4fe54d6f594ce0afea0e435aeeef81759c6237f9eb087f9c9684256faa0	PASS	ops/live-reference-20260924/etc/systemd/system/a8-jovian-live-period.service	FROZEN_EXACT	82f7e4fe54d6f594ce0afea0e435aeeef81759c6237f9eb087f9c9684256faa0
/etc/systemd/system/a8-music-review.service	a8d41b1b5ea374be499cf77767114018f74cfe2d59e3d951480c4e5867dc062a	a8d41b1b5ea374be499cf77767114018f74cfe2d59e3d951480c4e5867dc062a	PASS	ops/live-reference-20260924/etc/systemd/system/a8-music-review.service	FROZEN_EXACT	a8d41b1b5ea374be499cf77767114018f74cfe2d59e3d951480c4e5867dc062a
/etc/systemd/system/a8-primary-stream-cache.service	9b678683bdc0500e91eaa2ae297ef2e4982508168f2668335a4a078c20cdb8a0	9b678683bdc0500e91eaa2ae297ef2e4982508168f2668335a4a078c20cdb8a0	PASS	ops/live-reference-20260924/etc/systemd/system/a8-primary-stream-cache.service	FROZEN_EXACT	9b678683bdc0500e91eaa2ae297ef2e4982508168f2668335a4a078c20cdb8a0
/etc/systemd/system/a8-shadow-core.service	e6298a5d8d875727ed6429bc95b7b1b08129e37fab198a53e07c8a87cf839e59	e6298a5d8d875727ed6429bc95b7b1b08129e37fab198a53e07c8a87cf839e59	PASS	ops/live-reference-20260924/etc/systemd/system/a8-shadow-core.service	FROZEN_EXACT	e6298a5d8d875727ed6429bc95b7b1b08129e37fab198a53e07c8a87cf839e59
/etc/systemd/system/a8-shadow-ghost.service	52a9c4853d9ed27950077e3fb5785ed589af1919127d61bc87e6280c612ea0b7	52a9c4853d9ed27950077e3fb5785ed589af1919127d61bc87e6280c612ea0b7	PASS	ops/live-reference-20260924/etc/systemd/system/a8-shadow-ghost.service	FROZEN_EXACT	52a9c4853d9ed27950077e3fb5785ed589af1919127d61bc87e6280c612ea0b7
/etc/systemd/system/a8-shadow-recorder.service	e5ce2a67273c5819ac4090355961c2304620ead6d6facba5ba02afde07e1bb13	e5ce2a67273c5819ac4090355961c2304620ead6d6facba5ba02afde07e1bb13	PASS	ops/live-reference-20260924/etc/systemd/system/a8-shadow-recorder.service	FROZEN_EXACT	e5ce2a67273c5819ac4090355961c2304620ead6d6facba5ba02afde07e1bb13
/etc/systemd/system/a8-ship-recovery.service	428e19c62789e3d6381c253d0718954c9a22f3cddc39efe43796c98f9ae37f7f	428e19c62789e3d6381c253d0718954c9a22f3cddc39efe43796c98f9ae37f7f	PASS	ops/live-reference-20260924/etc/systemd/system/a8-ship-recovery.service	FROZEN_EXACT	428e19c62789e3d6381c253d0718954c9a22f3cddc39efe43796c98f9ae37f7f
/etc/systemd/system/a8-ship-v2.service	cc5cd7c4e585a22b48680c68f10871f6e92cf02e0a3a4323b6c35b2fd6f000a7	cc5cd7c4e585a22b48680c68f10871f6e92cf02e0a3a4323b6c35b2fd6f000a7	PASS	ops/live-reference-20260924/etc/systemd/system/a8-ship-v2.service	FROZEN_EXACT	cc5cd7c4e585a22b48680c68f10871f6e92cf02e0a3a4323b6c35b2fd6f000a7
/opt/a8-annual-frame/frame-v1.json	89d62385fe358ea43209e123755ae75f0fa217ee13dd429459184986498ecde7	89d62385fe358ea43209e123755ae75f0fa217ee13dd429459184986498ecde7	PASS	ops/live-reference-20260924/opt/a8-annual-frame/frame-v1.json	FROZEN_EXACT	89d62385fe358ea43209e123755ae75f0fa217ee13dd429459184986498ecde7
/opt/a8-annual-frame/server.py	9ce76f21a68fc8d4b3ae7209b4f721ca3fdade944ca134e73b2061185a2f0528	9ce76f21a68fc8d4b3ae7209b4f721ca3fdade944ca134e73b2061185a2f0528	PASS	ops/live-reference-20260924/opt/a8-annual-frame/server.py	FROZEN_EXACT	9ce76f21a68fc8d4b3ae7209b4f721ca3fdade944ca134e73b2061185a2f0528
/opt/a8-jovian-governor/ghost-anchor.json	6cae170957ebd8da526e87de00d070b8f822c2f534d988644e9d0a3130e92c50	6cae170957ebd8da526e87de00d070b8f822c2f534d988644e9d0a3130e92c50	PASS	ops/live-reference-20260924/opt/a8-jovian-governor/ghost-anchor.json	FROZEN_EXACT	6cae170957ebd8da526e87de00d070b8f822c2f534d988644e9d0a3130e92c50
/opt/a8-jovian-governor/server.py	f1af3b056e0a98db4339ab2ec197e3e9b820725f3befac7a641f252ed4a982c9	f1af3b056e0a98db4339ab2ec197e3e9b820725f3befac7a641f252ed4a982c9	PASS	ops/live-reference-20260924/opt/a8-jovian-governor/server.py	FROZEN_EXACT	f1af3b056e0a98db4339ab2ec197e3e9b820725f3befac7a641f252ed4a982c9
/opt/a8-jovian-live/live-jovian.js	681118494f736c266a65fd765ed6d1c5d6eaa6031df0ee2d8f00b59f8587b46e	681118494f736c266a65fd765ed6d1c5d6eaa6031df0ee2d8f00b59f8587b46e	PASS	ops/live-reference-20260924/opt/a8-jovian-live/live-jovian.js	FROZEN_EXACT	681118494f736c266a65fd765ed6d1c5d6eaa6031df0ee2d8f00b59f8587b46e
/opt/a8-jovian-live/model.json	797ddcf93bf088f547263e9162078cb6e66b240bd1086ea3f88cb208afb39500	797ddcf93bf088f547263e9162078cb6e66b240bd1086ea3f88cb208afb39500	PASS	ops/live-reference-20260924/opt/a8-jovian-live/model.json	FROZEN_EXACT	797ddcf93bf088f547263e9162078cb6e66b240bd1086ea3f88cb208afb39500
/opt/a8-music-review/server.js	95834ef91a5746230ec6f53ae6e4fc03438b2a093037751981f9d395976f354e	95834ef91a5746230ec6f53ae6e4fc03438b2a093037751981f9d395976f354e	PASS	ops/live-reference-20260924/opt/a8-music-review/server.js	FROZEN_EXACT	95834ef91a5746230ec6f53ae6e4fc03438b2a093037751981f9d395976f354e
/opt/a8-shadow-core/server.js	e060e64dff26cb0464279ebae2801f9bb5a2387696e419cca87450c795066f71	e060e64dff26cb0464279ebae2801f9bb5a2387696e419cca87450c795066f71	PASS	ops/live-reference-20260924/opt/a8-shadow-core/server.js	FROZEN_EXACT	e060e64dff26cb0464279ebae2801f9bb5a2387696e419cca87450c795066f71
/opt/a8-shadow-ghost/server.js	80227505e4053b82a22e6728f22a1f2ceeae4100609b6d302fcac3f6c3c2385a	80227505e4053b82a22e6728f22a1f2ceeae4100609b6d302fcac3f6c3c2385a	PASS	ops/live-reference-20260924/opt/a8-shadow-ghost/server.js	FROZEN_EXACT	80227505e4053b82a22e6728f22a1f2ceeae4100609b6d302fcac3f6c3c2385a
/opt/a8-shadow-recorder/recorder.js	b484d2b68b8af89bab47faff3d30f3f83d4237e635f999bb1df1a468ee1a85ea	b484d2b68b8af89bab47faff3d30f3f83d4237e635f999bb1df1a468ee1a85ea	PASS	ops/live-reference-20260924/opt/a8-shadow-recorder/recorder.js	FROZEN_EXACT	b484d2b68b8af89bab47faff3d30f3f83d4237e635f999bb1df1a468ee1a85ea
/opt/a8-ship-recovery/recovery/index.html	dbd8799b148000fb9cac3f970dbe479eb66c1bcb4d769c2092fb388ae2094a08	dbd8799b148000fb9cac3f970dbe479eb66c1bcb4d769c2092fb388ae2094a08	PASS	ops/live-reference-20260924/opt/a8-ship-recovery/recovery/index.html	FROZEN_EXACT	dbd8799b148000fb9cac3f970dbe479eb66c1bcb4d769c2092fb388ae2094a08
/opt/a8-ship-recovery/server.js	e3fea6652634b14608c7f756944507fec7608f3faf97cf72522afb940aca2658	e3fea6652634b14608c7f756944507fec7608f3faf97cf72522afb940aca2658	PASS	ops/live-reference-20260924/opt/a8-ship-recovery/server.js	FROZEN_EXACT	e3fea6652634b14608c7f756944507fec7608f3faf97cf72522afb940aca2658
/opt/a8-ship-v2/server.py	fa64e0a5c81669a32b9842595d7d951574ba3c80b34adcf624e6c864db71b42e	fa64e0a5c81669a32b9842595d7d951574ba3c80b34adcf624e6c864db71b42e	PASS	ops/live-reference-20260924/opt/a8-ship-v2/server.py	FROZEN_EXACT	fa64e0a5c81669a32b9842595d7d951574ba3c80b34adcf624e6c864db71b42e
/opt/a8-ship-v2/terra-ship-slip-v2-birth.json	6db05ae42b17c575e408c97507fb8830658dd1699b62cba6831ed8a8791b97b3	6db05ae42b17c575e408c97507fb8830658dd1699b62cba6831ed8a8791b97b3	PASS	ops/live-reference-20260924/opt/a8-ship-v2/terra-ship-slip-v2-birth.json	FROZEN_EXACT	6db05ae42b17c575e408c97507fb8830658dd1699b62cba6831ed8a8791b97b3
/srv/apps/a8_time_lab_v5_4_20_postseal_hw/hardware/a8-core20-server-owned-runtime.js	3f4fea45f9af516ea5367a2c2fcbfc3f0919b33b14a0b9ff7ae851365af9cf4d	3f4fea45f9af516ea5367a2c2fcbfc3f0919b33b14a0b9ff7ae851365af9cf4d	PASS	core20/hardware/a8-core20-server-owned-runtime.js	FROZEN_EXACT	3f4fea45f9af516ea5367a2c2fcbfc3f0919b33b14a0b9ff7ae851365af9cf4d
/srv/apps/a8_time_lab_v5_4_20_postseal_hw/hardware/a8-postseal-hardware-lab-server.js	e17d69376024a630a6f1a9458d90a49ee84f1e87e6dd940586891441ac54f272	e17d69376024a630a6f1a9458d90a49ee84f1e87e6dd940586891441ac54f272	PASS	core20/hardware/a8-postseal-hardware-lab-server.js	FROZEN_EXACT	e17d69376024a630a6f1a9458d90a49ee84f1e87e6dd940586891441ac54f272
/srv/apps/a8_time_lab_v5_4_20_postseal_hw/operations/autorecovery/a8-core20-autorecover	44d47f786c75b054d507a2dbce374ca2a579ebc1a2ebdab17f9c6ff0f222acad	44d47f786c75b054d507a2dbce374ca2a579ebc1a2ebdab17f9c6ff0f222acad	PASS	core20/operations/autorecovery/a8-core20-autorecover	FROZEN_EXACT	44d47f786c75b054d507a2dbce374ca2a579ebc1a2ebdab17f9c6ff0f222acad
/srv/apps/a8_time_lab_v5_4_20_postseal_hw/operations/deploy/a8-core20-service.js	e2a0ebfaf0698d49733ff1a78859fa03ed6a4e941822b9b8f468501d047b20c1	e2a0ebfaf0698d49733ff1a78859fa03ed6a4e941822b9b8f468501d047b20c1	PASS	core20/operations/deploy/a8-core20-service.js	FROZEN_EXACT	e2a0ebfaf0698d49733ff1a78859fa03ed6a4e941822b9b8f468501d047b20c1
/srv/apps/a8_time_lab_v5_4_20_postseal_hw/public/a8-composer-v1.css	59443b6d36e76f1c4e85df75286f8c4aae4c2f11e586de81b4a5a481572d163b	59443b6d36e76f1c4e85df75286f8c4aae4c2f11e586de81b4a5a481572d163b	PASS	core20/public/a8-composer-v1.css	FROZEN_EXACT	59443b6d36e76f1c4e85df75286f8c4aae4c2f11e586de81b4a5a481572d163b
/srv/apps/a8_time_lab_v5_4_20_postseal_hw/public/a8-composer-v1.js	7b21f51818bb54245912408afc8630b93d89407abd98dd346b4dfff6cb104215	7b21f51818bb54245912408afc8630b93d89407abd98dd346b4dfff6cb104215	PASS	core20/public/a8-composer-v1.js	FROZEN_EXACT	7b21f51818bb54245912408afc8630b93d89407abd98dd346b4dfff6cb104215
/srv/apps/a8_time_lab_v5_4_20_postseal_hw/public/angle.html	503a56d198c3b92c7fe20784b533fe52546550a7176e1c8c5c602b9e78ad0f72	503a56d198c3b92c7fe20784b533fe52546550a7176e1c8c5c602b9e78ad0f72	PASS	core20/public/angle.html	FROZEN_EXACT	503a56d198c3b92c7fe20784b533fe52546550a7176e1c8c5c602b9e78ad0f72
/srv/apps/a8_time_lab_v5_4_20_postseal_hw/public/assets/events/astronomical-events.json	9697fe8875514ab98611d7519fa1d285b2874973b4b2025b0640c753eaafe760	9697fe8875514ab98611d7519fa1d285b2874973b4b2025b0640c753eaafe760	PASS	core20/public/assets/events/astronomical-events.json	SYMLINK	9697fe8875514ab98611d7519fa1d285b2874973b4b2025b0640c753eaafe760
/srv/apps/a8_time_lab_v5_4_20_postseal_hw/public/audio.html	839f6ecdabc547cf1e075f2553d83888ccd87c445d4f71f3ae0af982652900d6	839f6ecdabc547cf1e075f2553d83888ccd87c445d4f71f3ae0af982652900d6	PASS	core20/public/audio.html	FROZEN_EXACT	839f6ecdabc547cf1e075f2553d83888ccd87c445d4f71f3ae0af982652900d6
/srv/apps/a8_time_lab_v5_4_20_postseal_hw/public/calendar.html	d28ee37c4a585276e509539cea6af41033129e6a1768651e65d4f52a4b922d3b	d28ee37c4a585276e509539cea6af41033129e6a1768651e65d4f52a4b922d3b	PASS	core20/public/calendar.html	FROZEN_EXACT	d28ee37c4a585276e509539cea6af41033129e6a1768651e65d4f52a4b922d3b
/srv/apps/a8_time_lab_v5_4_20_postseal_hw/public/celestial-octal.html	4720af4c1f2d15baf4143118bf35b06e2a34adaaac2fa547b534436394fca41f	4720af4c1f2d15baf4143118bf35b06e2a34adaaac2fa547b534436394fca41f	PASS	core20/public/celestial-octal.html	FROZEN_EXACT	4720af4c1f2d15baf4143118bf35b06e2a34adaaac2fa547b534436394fca41f
/srv/apps/a8_time_lab_v5_4_20_postseal_hw/public/celestial.html	2afca0d01882fe2bbce3f8c582b3162096e0940ab9d3dac0b95518bbb24c48c8	2afca0d01882fe2bbce3f8c582b3162096e0940ab9d3dac0b95518bbb24c48c8	PASS	core20/public/celestial.html	FROZEN_EXACT	2afca0d01882fe2bbce3f8c582b3162096e0940ab9d3dac0b95518bbb24c48c8
/srv/apps/a8_time_lab_v5_4_20_postseal_hw/public/chief-engineer.html	5922f5aefe5599886b460cf7b572c691a545f5bec0501d3ad8fd58c8e24abb1e	5922f5aefe5599886b460cf7b572c691a545f5bec0501d3ad8fd58c8e24abb1e	PASS	core20/public/chief-engineer.html	FROZEN_EXACT	5922f5aefe5599886b460cf7b572c691a545f5bec0501d3ad8fd58c8e24abb1e
/srv/apps/a8_time_lab_v5_4_20_postseal_hw/public/clock.html	fe223aa1608cbbfe07d3882533f92103b553ab8da1f3fe5e0ffd50904b27f68d	fe223aa1608cbbfe07d3882533f92103b553ab8da1f3fe5e0ffd50904b27f68d	PASS	core20/public/clock.html	FROZEN_EXACT	fe223aa1608cbbfe07d3882533f92103b553ab8da1f3fe5e0ffd50904b27f68d
/srv/apps/a8_time_lab_v5_4_20_postseal_hw/public/composer.html	a892250a07660d389f49dbae42acdfd16ac0e9a150444932f3499f7b765debc2	a892250a07660d389f49dbae42acdfd16ac0e9a150444932f3499f7b765debc2	PASS	core20/public/composer.html	FROZEN_EXACT	a892250a07660d389f49dbae42acdfd16ac0e9a150444932f3499f7b765debc2
/srv/apps/a8_time_lab_v5_4_20_postseal_hw/public/contestants.html	ac0d69bcfb64ac754bfba2281fa17cde5d174a34ee9c29484530bee24a9fb5dd	ac0d69bcfb64ac754bfba2281fa17cde5d174a34ee9c29484530bee24a9fb5dd	PASS	core20/public/contestants.html	FROZEN_EXACT	ac0d69bcfb64ac754bfba2281fa17cde5d174a34ee9c29484530bee24a9fb5dd
/srv/apps/a8_time_lab_v5_4_20_postseal_hw/public/data.html	2ffbcdeca83c0d6bfced4da2d6f4c8b7964b298c8d6f5f8f4473685721327d28	2ffbcdeca83c0d6bfced4da2d6f4c8b7964b298c8d6f5f8f4473685721327d28	PASS	core20/public/data.html	FROZEN_EXACT	2ffbcdeca83c0d6bfced4da2d6f4c8b7964b298c8d6f5f8f4473685721327d28
/srv/apps/a8_time_lab_v5_4_20_postseal_hw/public/index.html	bf6c8b7e71e805111a0099a1bbd4796e329a80efbd985d39c08fd7a0d7a1b61f	bf6c8b7e71e805111a0099a1bbd4796e329a80efbd985d39c08fd7a0d7a1b61f	PASS	core20/public/index.html	FROZEN_EXACT	bf6c8b7e71e805111a0099a1bbd4796e329a80efbd985d39c08fd7a0d7a1b61f
/srv/apps/a8_time_lab_v5_4_20_postseal_hw/public/mintaka.html	cd61743423906910c31a929f0354b49e67014595772856e8d45995ae3c739d2a	cd61743423906910c31a929f0354b49e67014595772856e8d45995ae3c739d2a	PASS	core20/public/mintaka.html	FROZEN_EXACT	cd61743423906910c31a929f0354b49e67014595772856e8d45995ae3c739d2a
/srv/apps/a8_time_lab_v5_4_20_postseal_hw/public/moons.html	db130eb978a2ae7464712c928fbd23ff86ff1453977ea50a563a75cc51844b55	db130eb978a2ae7464712c928fbd23ff86ff1453977ea50a563a75cc51844b55	PASS	core20/public/moons.html	FROZEN_EXACT	db130eb978a2ae7464712c928fbd23ff86ff1453977ea50a563a75cc51844b55
/srv/apps/a8_time_lab_v5_4_20_postseal_hw/public/navigation.html	14b05c2af5e0da44d2ce54e49291fdb466073303d8761a7e95b9d76f8a05b9a6	14b05c2af5e0da44d2ce54e49291fdb466073303d8761a7e95b9d76f8a05b9a6	PASS	core20/public/navigation.html	FROZEN_EXACT	14b05c2af5e0da44d2ce54e49291fdb466073303d8761a7e95b9d76f8a05b9a6
/srv/apps/a8_time_lab_v5_4_20_postseal_hw/public/observation-archive-historical.html	d91cb757e3d665f86724bfed32bb0ec9b208a7afd9507a8b072259a31bdfb769	d91cb757e3d665f86724bfed32bb0ec9b208a7afd9507a8b072259a31bdfb769	PASS	core20/public/observation-archive-historical.html	FROZEN_EXACT	d91cb757e3d665f86724bfed32bb0ec9b208a7afd9507a8b072259a31bdfb769
/srv/apps/a8_time_lab_v5_4_20_postseal_hw/public/physical-clock-evidence.html	a1c9e18013715849187f8cb07d47cfd1db476fde25e071add31c89b102a1025f	a1c9e18013715849187f8cb07d47cfd1db476fde25e071add31c89b102a1025f	PASS	core20/public/physical-clock-evidence.html	FROZEN_EXACT	a1c9e18013715849187f8cb07d47cfd1db476fde25e071add31c89b102a1025f
/srv/apps/a8_time_lab_v5_4_20_postseal_hw/public/quartz.html	fbd5f565fda27cc10d5f0b9836597561d4ec3c4dcec8f29b45d7fd18515b211f	fbd5f565fda27cc10d5f0b9836597561d4ec3c4dcec8f29b45d7fd18515b211f	PASS	core20/public/quartz.html	FROZEN_EXACT	fbd5f565fda27cc10d5f0b9836597561d4ec3c4dcec8f29b45d7fd18515b211f
/srv/apps/a8_time_lab_v5_4_20_postseal_hw/public/relationship.html	038df0d2386620c03519635ab1660d2792cad7ba52952ea1dcb4fbebaf33ba92	038df0d2386620c03519635ab1660d2792cad7ba52952ea1dcb4fbebaf33ba92	PASS	core20/public/relationship.html	FROZEN_EXACT	038df0d2386620c03519635ab1660d2792cad7ba52952ea1dcb4fbebaf33ba92
/srv/apps/a8_time_lab_v5_4_20_postseal_hw/public/sol.html	9029641edd0ec8300f977ace81ae8384a5ae4f6aaa0875fb168a27386bf3fe7c	9029641edd0ec8300f977ace81ae8384a5ae4f6aaa0875fb168a27386bf3fe7c	PASS	core20/public/sol.html	FROZEN_EXACT	9029641edd0ec8300f977ace81ae8384a5ae4f6aaa0875fb168a27386bf3fe7c
/srv/apps/a8_time_lab_v5_4_20_postseal_hw/public/telescope.html	1731fa70e8edf1debcb9e5aeb716eb9db896b16a07201843f86b89f2f39a038a	1731fa70e8edf1debcb9e5aeb716eb9db896b16a07201843f86b89f2f39a038a	PASS	core20/public/telescope.html	FROZEN_EXACT	1731fa70e8edf1debcb9e5aeb716eb9db896b16a07201843f86b89f2f39a038a
/srv/sites/about.cosigo.io/public/about.html	2b06c9584b8d92f279884b50c78c36162ab29b94223d5bd09a34c9d90a1891f4	2b06c9584b8d92f279884b50c78c36162ab29b94223d5bd09a34c9d90a1891f4	PASS	sites/about.cosigo.io/public/about.html	FROZEN_EXACT	2b06c9584b8d92f279884b50c78c36162ab29b94223d5bd09a34c9d90a1891f4
/srv/sites/about.cosigo.io/public/index.html	2b06c9584b8d92f279884b50c78c36162ab29b94223d5bd09a34c9d90a1891f4	2b06c9584b8d92f279884b50c78c36162ab29b94223d5bd09a34c9d90a1891f4	PASS	sites/about.cosigo.io/public/index.html	FROZEN_EXACT	2b06c9584b8d92f279884b50c78c36162ab29b94223d5bd09a34c9d90a1891f4
/srv/sites/calendar.cosigo.io/public/calendar.html	1a22025c8530a5b30148b5ee64e7ce7d0909efcee1f4fb36de24ea8748f69708	1a22025c8530a5b30148b5ee64e7ce7d0909efcee1f4fb36de24ea8748f69708	PASS	sites/calendar.cosigo.io/public/calendar.html	FROZEN_EXACT	1a22025c8530a5b30148b5ee64e7ce7d0909efcee1f4fb36de24ea8748f69708
/srv/sites/calendar.cosigo.io/public/index.html	1a22025c8530a5b30148b5ee64e7ce7d0909efcee1f4fb36de24ea8748f69708	1a22025c8530a5b30148b5ee64e7ce7d0909efcee1f4fb36de24ea8748f69708	PASS	sites/calendar.cosigo.io/public/index.html	FROZEN_EXACT	1a22025c8530a5b30148b5ee64e7ce7d0909efcee1f4fb36de24ea8748f69708
/srv/sites/ce.cosigo.io/public/chief-engineer.html	77bc14d90885e0f2be8a781bc3233bc00336b62579bb3ddb506ad309eaede59d	77bc14d90885e0f2be8a781bc3233bc00336b62579bb3ddb506ad309eaede59d	PASS	sites/ce.cosigo.io/public/chief-engineer.html	FROZEN_EXACT	77bc14d90885e0f2be8a781bc3233bc00336b62579bb3ddb506ad309eaede59d
/srv/sites/ce.cosigo.io/public/index.html	77bc14d90885e0f2be8a781bc3233bc00336b62579bb3ddb506ad309eaede59d	77bc14d90885e0f2be8a781bc3233bc00336b62579bb3ddb506ad309eaede59d	PASS	sites/ce.cosigo.io/public/index.html	FROZEN_EXACT	77bc14d90885e0f2be8a781bc3233bc00336b62579bb3ddb506ad309eaede59d
/srv/sites/clock.cosigo.io/public/clock.html	de2ad2f4d82fcde552e61d2e8abbfaaaf2b50b566ae893759fe72191d13b5ebe	de2ad2f4d82fcde552e61d2e8abbfaaaf2b50b566ae893759fe72191d13b5ebe	PASS	sites/clock.cosigo.io/public/clock.html	FROZEN_EXACT	de2ad2f4d82fcde552e61d2e8abbfaaaf2b50b566ae893759fe72191d13b5ebe
/srv/sites/clock.cosigo.io/public/index.html	d230824510deef31782ef1bebc0c70f2f48b1b36aff6e90ad6d3603d94e3f5f2	d230824510deef31782ef1bebc0c70f2f48b1b36aff6e90ad6d3603d94e3f5f2	PASS	sites/clock.cosigo.io/public/index.html	FROZEN_EXACT	d230824510deef31782ef1bebc0c70f2f48b1b36aff6e90ad6d3603d94e3f5f2
/srv/sites/data.cosigo.io/public/data.html	a1519751a46bcab76254db9761b5ae8b6159bd514c641ef719cf9962c10b207d	a1519751a46bcab76254db9761b5ae8b6159bd514c641ef719cf9962c10b207d	PASS	sites/data.cosigo.io/public/data.html	FROZEN_EXACT	a1519751a46bcab76254db9761b5ae8b6159bd514c641ef719cf9962c10b207d
/srv/sites/data.cosigo.io/public/evidence/jovian/2026-09-21-four-moon-alignment-v1/Kooha-2026-09-21-05-16-36.mkv	0bd8d57370c3ce9e2dde45df3b1f9dcee129c00fc8e9c8ae3544cf9827ae35c6	0bd8d57370c3ce9e2dde45df3b1f9dcee129c00fc8e9c8ae3544cf9827ae35c6	PASS	sites/data.cosigo.io/public/evidence/jovian/2026-09-21-four-moon-alignment-v1/Kooha-2026-09-21-05-16-36.mkv	FROZEN_EXACT	0bd8d57370c3ce9e2dde45df3b1f9dcee129c00fc8e9c8ae3544cf9827ae35c6
/srv/sites/data.cosigo.io/public/evidence/jovian/2026-09-21-four-moon-alignment-v1/Kooha-2026-09-21-05-38-48.mkv	b7dd73c15c9b9f73b91a01da007edfbf80411122529a05ec175a850f5fe9e6dd	b7dd73c15c9b9f73b91a01da007edfbf80411122529a05ec175a850f5fe9e6dd	PASS	sites/data.cosigo.io/public/evidence/jovian/2026-09-21-four-moon-alignment-v1/Kooha-2026-09-21-05-38-48.mkv	FROZEN_EXACT	b7dd73c15c9b9f73b91a01da007edfbf80411122529a05ec175a850f5fe9e6dd
/srv/sites/data.cosigo.io/public/evidence/jovian/2026-09-21-four-moon-alignment-v1/README.txt	b78f9d0202e3adbf3d7839b088baa55b0a3954db61d4e7cd4beb0e3ef83dcfdc	b78f9d0202e3adbf3d7839b088baa55b0a3954db61d4e7cd4beb0e3ef83dcfdc	PASS	sites/data.cosigo.io/public/evidence/jovian/2026-09-21-four-moon-alignment-v1/README.txt	FROZEN_EXACT	b78f9d0202e3adbf3d7839b088baa55b0a3954db61d4e7cd4beb0e3ef83dcfdc
/srv/sites/data.cosigo.io/public/evidence/jovian/2026-09-21-four-moon-alignment-v1/SHA256SUMS	1a80d66908db09a04b07a80a0c058e2f33c74b88be2566c22cd456e900dfcffe	1a80d66908db09a04b07a80a0c058e2f33c74b88be2566c22cd456e900dfcffe	PASS	sites/data.cosigo.io/public/evidence/jovian/2026-09-21-four-moon-alignment-v1/SHA256SUMS	FROZEN_EXACT	1a80d66908db09a04b07a80a0c058e2f33c74b88be2566c22cd456e900dfcffe
/srv/sites/data.cosigo.io/public/evidence/jovian/2026-09-21-four-moon-alignment-v1/core20-check.txt	d6d345d025e6930148ecfd53a62972b4b66548f1c1588985c41bbfeacade01a1	d6d345d025e6930148ecfd53a62972b4b66548f1c1588985c41bbfeacade01a1	PASS	sites/data.cosigo.io/public/evidence/jovian/2026-09-21-four-moon-alignment-v1/core20-check.txt	FROZEN_EXACT	d6d345d025e6930148ecfd53a62972b4b66548f1c1588985c41bbfeacade01a1
/srv/sites/data.cosigo.io/public/evidence/jovian/2026-09-21-four-moon-alignment-v1/entry014.html	146c11d98d5d7c69a6d778966defa2684895e06e17f7df09f1609f05d7b7f9ec	146c11d98d5d7c69a6d778966defa2684895e06e17f7df09f1609f05d7b7f9ec	PASS	sites/data.cosigo.io/public/evidence/jovian/2026-09-21-four-moon-alignment-v1/entry014.html	FROZEN_EXACT	146c11d98d5d7c69a6d778966defa2684895e06e17f7df09f1609f05d7b7f9ec
/srv/sites/data.cosigo.io/public/evidence/jovian/2026-09-21-four-moon-alignment-v1/observation.json	c95b899e2d0bebed37dedf87f2f38c0bf3baca4efa3f0e0f62436bfc96edb9e0	c95b899e2d0bebed37dedf87f2f38c0bf3baca4efa3f0e0f62436bfc96edb9e0	PASS	sites/data.cosigo.io/public/evidence/jovian/2026-09-21-four-moon-alignment-v1/observation.json	FROZEN_EXACT	c95b899e2d0bebed37dedf87f2f38c0bf3baca4efa3f0e0f62436bfc96edb9e0
/srv/sites/data.cosigo.io/public/evidence/jovian/2026-09-21-four-moon-alignment-v1/witness-early-10s.png	8d5a3807ad32cd213cec790a68a3bae1eb90e2f39d95d0f2f93b0d4daad2f7b8	8d5a3807ad32cd213cec790a68a3bae1eb90e2f39d95d0f2f93b0d4daad2f7b8	PASS	sites/data.cosigo.io/public/evidence/jovian/2026-09-21-four-moon-alignment-v1/witness-early-10s.png	FROZEN_EXACT	8d5a3807ad32cd213cec790a68a3bae1eb90e2f39d95d0f2f93b0d4daad2f7b8
/srv/sites/data.cosigo.io/public/evidence/jovian/2026-09-21-four-moon-alignment-v1/witness-later-10s.png	4b21026cfd153a2d59a4eff0566ab6274c15a6bba6c345980676f8e91a6678a8	4b21026cfd153a2d59a4eff0566ab6274c15a6bba6c345980676f8e91a6678a8	PASS	sites/data.cosigo.io/public/evidence/jovian/2026-09-21-four-moon-alignment-v1/witness-later-10s.png	FROZEN_EXACT	4b21026cfd153a2d59a4eff0566ab6274c15a6bba6c345980676f8e91a6678a8
/srv/sites/data.cosigo.io/public/evidence/mintaka/2026-09-19-angle-repeat-epoch7-v1/README.txt	49d3f8c2e7000d8403ec536740228b0bd20f1d3c6df1f10e9bd4e9c9aa2e35ac	49d3f8c2e7000d8403ec536740228b0bd20f1d3c6df1f10e9bd4e9c9aa2e35ac	PASS	sites/data.cosigo.io/public/evidence/mintaka/2026-09-19-angle-repeat-epoch7-v1/README.txt	FROZEN_EXACT	49d3f8c2e7000d8403ec536740228b0bd20f1d3c6df1f10e9bd4e9c9aa2e35ac
/srv/sites/data.cosigo.io/public/evidence/mintaka/2026-09-19-angle-repeat-epoch7-v1/SHA256SUMS	37a16f5b257daaa36ea730639ff195ba29e233b14444921d34b6f174bfe96ed0	37a16f5b257daaa36ea730639ff195ba29e233b14444921d34b6f174bfe96ed0	PASS	sites/data.cosigo.io/public/evidence/mintaka/2026-09-19-angle-repeat-epoch7-v1/SHA256SUMS	FROZEN_EXACT	37a16f5b257daaa36ea730639ff195ba29e233b14444921d34b6f174bfe96ed0
/srv/sites/data.cosigo.io/public/evidence/mintaka/2026-09-19-angle-repeat-epoch7-v1/aligned-stack-1.png	88a59e351a74f18cc5e3f35c029ca4203e968343635ce0310c2bfcad01563946	88a59e351a74f18cc5e3f35c029ca4203e968343635ce0310c2bfcad01563946	PASS	sites/data.cosigo.io/public/evidence/mintaka/2026-09-19-angle-repeat-epoch7-v1/aligned-stack-1.png	FROZEN_EXACT	88a59e351a74f18cc5e3f35c029ca4203e968343635ce0310c2bfcad01563946
/srv/sites/data.cosigo.io/public/evidence/mintaka/2026-09-19-angle-repeat-epoch7-v1/aligned-stack-2.png	cf042a5cc26bc16964bb681beaa1ae477e0cc48c49c5c78f1aefafd959b5a2e5	cf042a5cc26bc16964bb681beaa1ae477e0cc48c49c5c78f1aefafd959b5a2e5	PASS	sites/data.cosigo.io/public/evidence/mintaka/2026-09-19-angle-repeat-epoch7-v1/aligned-stack-2.png	FROZEN_EXACT	cf042a5cc26bc16964bb681beaa1ae477e0cc48c49c5c78f1aefafd959b5a2e5
/srv/sites/data.cosigo.io/public/evidence/mintaka/2026-09-19-angle-repeat-epoch7-v1/mintaka-sep19-analysis.json	9437d21cfc36ccae8843ec59362c6ccb1aa9ae64967d17350cac6cee8d71a45f	9437d21cfc36ccae8843ec59362c6ccb1aa9ae64967d17350cac6cee8d71a45f	PASS	sites/data.cosigo.io/public/evidence/mintaka/2026-09-19-angle-repeat-epoch7-v1/mintaka-sep19-analysis.json	FROZEN_EXACT	9437d21cfc36ccae8843ec59362c6ccb1aa9ae64967d17350cac6cee8d71a45f
/srv/sites/data.cosigo.io/public/evidence/mintaka/2026-09-19-angle-repeat-epoch7-v1/mintaka-sep19-measurements.csv	8232f0b18e304f1ceea1ee4c679f87b3766a18350c8723057312e2d980fe2e74	8232f0b18e304f1ceea1ee4c679f87b3766a18350c8723057312e2d980fe2e74	PASS	sites/data.cosigo.io/public/evidence/mintaka/2026-09-19-angle-repeat-epoch7-v1/mintaka-sep19-measurements.csv	FROZEN_EXACT	8232f0b18e304f1ceea1ee4c679f87b3766a18350c8723057312e2d980fe2e74
/srv/sites/data.cosigo.io/public/evidence/mintaka/2026-09-19-angle-repeat-epoch7-v1/mintaka-sep19-repeat-evidence.png	6fd9976fece754c3f8d07da04d0279baced6d574517a3fa20c1c81bce71edb10	6fd9976fece754c3f8d07da04d0279baced6d574517a3fa20c1c81bce71edb10	PASS	sites/data.cosigo.io/public/evidence/mintaka/2026-09-19-angle-repeat-epoch7-v1/mintaka-sep19-repeat-evidence.png	FROZEN_EXACT	6fd9976fece754c3f8d07da04d0279baced6d574517a3fa20c1c81bce71edb10
/srv/sites/data.cosigo.io/public/evidence/mintaka/2026-09-19-angle-repeat-epoch7-v1/representative-witness-1.png	57afc8f6db832a89d53ce57b9ae5dc96c626f11ff5da333afdf452efe7170112	57afc8f6db832a89d53ce57b9ae5dc96c626f11ff5da333afdf452efe7170112	PASS	sites/data.cosigo.io/public/evidence/mintaka/2026-09-19-angle-repeat-epoch7-v1/representative-witness-1.png	FROZEN_EXACT	57afc8f6db832a89d53ce57b9ae5dc96c626f11ff5da333afdf452efe7170112
/srv/sites/data.cosigo.io/public/evidence/mintaka/2026-09-19-angle-repeat-epoch7-v1/representative-witness-2.png	30f7e45fc777b63d8ff198566839a7c7317eb429027ddf45fdf7af537cd5369d	30f7e45fc777b63d8ff198566839a7c7317eb429027ddf45fdf7af537cd5369d	PASS	sites/data.cosigo.io/public/evidence/mintaka/2026-09-19-angle-repeat-epoch7-v1/representative-witness-2.png	FROZEN_EXACT	30f7e45fc777b63d8ff198566839a7c7317eb429027ddf45fdf7af537cd5369d
/srv/sites/data.cosigo.io/public/evidence/sol/2026-09-19-fixed-frame-year-angle-v1/README.txt	a5ff0101b72ec67f287ca88933603e3c683b5691ddedc64bf333a751bd31a27b	a5ff0101b72ec67f287ca88933603e3c683b5691ddedc64bf333a751bd31a27b	PASS	sites/data.cosigo.io/public/evidence/sol/2026-09-19-fixed-frame-year-angle-v1/README.txt	FROZEN_EXACT	a5ff0101b72ec67f287ca88933603e3c683b5691ddedc64bf333a751bd31a27b
/srv/sites/data.cosigo.io/public/evidence/sol/2026-09-19-fixed-frame-year-angle-v1/SHA256SUMS	d96a2501f8adb672a4a794bce014e5ccbb2f01ea216c64f1c82e4da9cdd96471	d96a2501f8adb672a4a794bce014e5ccbb2f01ea216c64f1c82e4da9cdd96471	PASS	sites/data.cosigo.io/public/evidence/sol/2026-09-19-fixed-frame-year-angle-v1/SHA256SUMS	FROZEN_EXACT	d96a2501f8adb672a4a794bce014e5ccbb2f01ea216c64f1c82e4da9cdd96471
/srv/sites/data.cosigo.io/public/evidence/sol/2026-09-19-fixed-frame-year-angle-v1/sol-pass-1-center-triptych.jpg	c32f17b22e5c9ddba4ea267b58b7d3ee0b92d77bcb36fa0e90d68da857a9e212	c32f17b22e5c9ddba4ea267b58b7d3ee0b92d77bcb36fa0e90d68da857a9e212	PASS	sites/data.cosigo.io/public/evidence/sol/2026-09-19-fixed-frame-year-angle-v1/sol-pass-1-center-triptych.jpg	FROZEN_EXACT	c32f17b22e5c9ddba4ea267b58b7d3ee0b92d77bcb36fa0e90d68da857a9e212
/srv/sites/data.cosigo.io/public/evidence/sol/2026-09-19-fixed-frame-year-angle-v1/sol-pass-2-center-triptych.jpg	763871ffd1011bdbb3d6e13644dd3a4005a36557b00e589fa6a5ccf646a02184	763871ffd1011bdbb3d6e13644dd3a4005a36557b00e589fa6a5ccf646a02184	PASS	sites/data.cosigo.io/public/evidence/sol/2026-09-19-fixed-frame-year-angle-v1/sol-pass-2-center-triptych.jpg	FROZEN_EXACT	763871ffd1011bdbb3d6e13644dd3a4005a36557b00e589fa6a5ccf646a02184
/srv/sites/data.cosigo.io/public/evidence/sol/2026-09-19-fixed-frame-year-angle-v1/sol-sep19-crossings.csv	407d380893f4df44181dcc21ad018b62636888c64d739bb032b65d999395e8d2	407d380893f4df44181dcc21ad018b62636888c64d739bb032b65d999395e8d2	PASS	sites/data.cosigo.io/public/evidence/sol/2026-09-19-fixed-frame-year-angle-v1/sol-sep19-crossings.csv	FROZEN_EXACT	407d380893f4df44181dcc21ad018b62636888c64d739bb032b65d999395e8d2
/srv/sites/data.cosigo.io/public/evidence/sol/2026-09-19-fixed-frame-year-angle-v1/sol-sep19-year-angle-analysis.json	9458493786660874a80f6e2b49e9e1f10d2e19596982f4e10765e35346d9da65	9458493786660874a80f6e2b49e9e1f10d2e19596982f4e10765e35346d9da65	PASS	sites/data.cosigo.io/public/evidence/sol/2026-09-19-fixed-frame-year-angle-v1/sol-sep19-year-angle-analysis.json	FROZEN_EXACT	9458493786660874a80f6e2b49e9e1f10d2e19596982f4e10765e35346d9da65
/srv/sites/data.cosigo.io/public/evidence/sol/2026-09-19-fixed-frame-year-angle-v1/sol-sep19-year-angle-evidence.jpg	e3e0420c2607ae4fa79e706ce75229f3ea9cf754d382bd1ad1dd1a0e69fab954	e3e0420c2607ae4fa79e706ce75229f3ea9cf754d382bd1ad1dd1a0e69fab954	PASS	sites/data.cosigo.io/public/evidence/sol/2026-09-19-fixed-frame-year-angle-v1/sol-sep19-year-angle-evidence.jpg	FROZEN_EXACT	e3e0420c2607ae4fa79e706ce75229f3ea9cf754d382bd1ad1dd1a0e69fab954
/srv/sites/data.cosigo.io/public/evidence/sol/2026-09-22-equinox-native-v2/SHA256SUMS.txt	6b18f4cb05407e357dc7cc0cea7bf99c7cc4d4d9e1639008c7256ca71ec5646f	6b18f4cb05407e357dc7cc0cea7bf99c7cc4d4d9e1639008c7256ca71ec5646f	PASS	sites/data.cosigo.io/public/evidence/sol/2026-09-22-equinox-native-v2/SHA256SUMS.txt	FROZEN_EXACT	6b18f4cb05407e357dc7cc0cea7bf99c7cc4d4d9e1639008c7256ca71ec5646f
/srv/sites/data.cosigo.io/public/evidence/sol/2026-09-22-equinox-native-v2/analysis.json	8270c116e4cddf399ece753dba6dac7a78f79654da6911944f3b7b9c60ae256e	8270c116e4cddf399ece753dba6dac7a78f79654da6911944f3b7b9c60ae256e	PASS	sites/data.cosigo.io/public/evidence/sol/2026-09-22-equinox-native-v2/analysis.json	FROZEN_EXACT	8270c116e4cddf399ece753dba6dac7a78f79654da6911944f3b7b9c60ae256e
/srv/sites/data.cosigo.io/public/evidence/sol/2026-09-22-equinox-native-v2/clock-discipline-context.json	c6063a0945ab996144b77f6f927ffb7cdb59491f2083cd3c40392da748f2abff	c6063a0945ab996144b77f6f927ffb7cdb59491f2083cd3c40392da748f2abff	PASS	sites/data.cosigo.io/public/evidence/sol/2026-09-22-equinox-native-v2/clock-discipline-context.json	FROZEN_EXACT	c6063a0945ab996144b77f6f927ffb7cdb59491f2083cd3c40392da748f2abff
/srv/sites/data.cosigo.io/public/evidence/sol/2026-09-22-equinox-native-v2/frames/cross-centerline-bracket.jpg	eb7dbc8c829e87b6f1cee00c1ca2abf87024b8746b1fe4d7e194f616e6e626b5	eb7dbc8c829e87b6f1cee00c1ca2abf87024b8746b1fe4d7e194f616e6e626b5	PASS	sites/data.cosigo.io/public/evidence/sol/2026-09-22-equinox-native-v2/frames/cross-centerline-bracket.jpg	FROZEN_EXACT	eb7dbc8c829e87b6f1cee00c1ca2abf87024b8746b1fe4d7e194f616e6e626b5
/srv/sites/data.cosigo.io/public/evidence/sol/2026-09-22-equinox-native-v2/frames/cross-centerline.png	618bb19c04d78fc8dd11519e60033ae5c3e378c0b824247ee239904870692a2f	618bb19c04d78fc8dd11519e60033ae5c3e378c0b824247ee239904870692a2f	PASS	sites/data.cosigo.io/public/evidence/sol/2026-09-22-equinox-native-v2/frames/cross-centerline.png	FROZEN_EXACT	618bb19c04d78fc8dd11519e60033ae5c3e378c0b824247ee239904870692a2f
/srv/sites/data.cosigo.io/public/evidence/sol/2026-09-22-equinox-native-v2/frames/post-centerline.png	755017f80976e3d687a29a737ca56c84998015f295cf68b95d965d72d7e764f7	755017f80976e3d687a29a737ca56c84998015f295cf68b95d965d72d7e764f7	PASS	sites/data.cosigo.io/public/evidence/sol/2026-09-22-equinox-native-v2/frames/post-centerline.png	FROZEN_EXACT	755017f80976e3d687a29a737ca56c84998015f295cf68b95d965d72d7e764f7
/srv/sites/data.cosigo.io/public/evidence/sol/2026-09-22-equinox-native-v2/frames/pre-centerline.png	88bab90995c853e684cae32de5e6ba46659c0e3368a800ce55f46ed6dd7a9c16	88bab90995c853e684cae32de5e6ba46659c0e3368a800ce55f46ed6dd7a9c16	PASS	sites/data.cosigo.io/public/evidence/sol/2026-09-22-equinox-native-v2/frames/pre-centerline.png	FROZEN_EXACT	88bab90995c853e684cae32de5e6ba46659c0e3368a800ce55f46ed6dd7a9c16
/srv/sites/data.cosigo.io/public/evidence/sol/2026-09-22-equinox-native-v2/frames/three-centerline-witnesses.jpg	e2f3eaef0a02f12c4f93202faaa4607ac9c1d7db8c451ce5e7aef93aa65fda78	e2f3eaef0a02f12c4f93202faaa4607ac9c1d7db8c451ce5e7aef93aa65fda78	PASS	sites/data.cosigo.io/public/evidence/sol/2026-09-22-equinox-native-v2/frames/three-centerline-witnesses.jpg	FROZEN_EXACT	e2f3eaef0a02f12c4f93202faaa4607ac9c1d7db8c451ce5e7aef93aa65fda78
/srv/sites/data.cosigo.io/public/evidence/sol/2026-09-22-equinox-native-v2/measurements.csv	3a3f525bf85cb12b25b44ee8c079cb062168c4388e719037dff841dacaca9ca2	3a3f525bf85cb12b25b44ee8c079cb062168c4388e719037dff841dacaca9ca2	PASS	sites/data.cosigo.io/public/evidence/sol/2026-09-22-equinox-native-v2/measurements.csv	FROZEN_EXACT	3a3f525bf85cb12b25b44ee8c079cb062168c4388e719037dff841dacaca9ca2
/srv/sites/data.cosigo.io/public/index.html	a1519751a46bcab76254db9761b5ae8b6159bd514c641ef719cf9962c10b207d	a1519751a46bcab76254db9761b5ae8b6159bd514c641ef719cf9962c10b207d	PASS	sites/data.cosigo.io/public/index.html	FROZEN_EXACT	a1519751a46bcab76254db9761b5ae8b6159bd514c641ef719cf9962c10b207d
/srv/sites/lab.cosigo.io/public/a8-core20-clock-observer.js	1da8c6f3c4264a6d7e21d104665bee1dc0d37ae9c0b9c203311d90a4d1dce92f	1da8c6f3c4264a6d7e21d104665bee1dc0d37ae9c0b9c203311d90a4d1dce92f	PASS	sites/lab.cosigo.io/public/a8-core20-clock-observer.js	FROZEN_EXACT	1da8c6f3c4264a6d7e21d104665bee1dc0d37ae9c0b9c203311d90a4d1dce92f
/srv/sites/lab.cosigo.io/public/assets/jovian-authority.json	7b8ebde8db47afb7a813a11118085a0e4a4906d2496d4068bfec6f78535ff2ee	7b8ebde8db47afb7a813a11118085a0e4a4906d2496d4068bfec6f78535ff2ee	PASS	sites/lab.cosigo.io/public/assets/jovian-authority.json	SYMLINK	7b8ebde8db47afb7a813a11118085a0e4a4906d2496d4068bfec6f78535ff2ee
/srv/sites/lab.cosigo.io/public/index.html	7c1e4cda8a821cb13e2b2c117de273d77dbf175609a72a1a0fbd4d9b02d55054	7c1e4cda8a821cb13e2b2c117de273d77dbf175609a72a1a0fbd4d9b02d55054	PASS	sites/lab.cosigo.io/public/index.html	FROZEN_EXACT	7c1e4cda8a821cb13e2b2c117de273d77dbf175609a72a1a0fbd4d9b02d55054
/srv/sites/mintaka.cosigo.io/public/index.html	6f49c2cf00aaabe72a4dc7039cfbbdf20800fac002fb938fe5d52256d41bab27	6f49c2cf00aaabe72a4dc7039cfbbdf20800fac002fb938fe5d52256d41bab27	PASS	sites/mintaka.cosigo.io/public/index.html	FROZEN_EXACT	6f49c2cf00aaabe72a4dc7039cfbbdf20800fac002fb938fe5d52256d41bab27
/srv/sites/mintaka.cosigo.io/public/mintaka.html	6f49c2cf00aaabe72a4dc7039cfbbdf20800fac002fb938fe5d52256d41bab27	6f49c2cf00aaabe72a4dc7039cfbbdf20800fac002fb938fe5d52256d41bab27	PASS	sites/mintaka.cosigo.io/public/mintaka.html	FROZEN_EXACT	6f49c2cf00aaabe72a4dc7039cfbbdf20800fac002fb938fe5d52256d41bab27
/srv/sites/moons.cosigo.io/public/a8-core20-clock-observer.js	1da8c6f3c4264a6d7e21d104665bee1dc0d37ae9c0b9c203311d90a4d1dce92f	1da8c6f3c4264a6d7e21d104665bee1dc0d37ae9c0b9c203311d90a4d1dce92f	PASS	sites/moons.cosigo.io/public/a8-core20-clock-observer.js	FROZEN_EXACT	1da8c6f3c4264a6d7e21d104665bee1dc0d37ae9c0b9c203311d90a4d1dce92f
/srv/sites/moons.cosigo.io/public/assets/a8-core20-clock-observer.js	1da8c6f3c4264a6d7e21d104665bee1dc0d37ae9c0b9c203311d90a4d1dce92f	1da8c6f3c4264a6d7e21d104665bee1dc0d37ae9c0b9c203311d90a4d1dce92f	PASS	sites/moons.cosigo.io/public/assets/a8-core20-clock-observer.js	FROZEN_EXACT	1da8c6f3c4264a6d7e21d104665bee1dc0d37ae9c0b9c203311d90a4d1dce92f
/srv/sites/moons.cosigo.io/public/assets/a8-moons-active-handoff-v1.json	84fa486068bc99f1eb05704b6e2e3c64bd11261e809ee8e554ff539224c8427a	84fa486068bc99f1eb05704b6e2e3c64bd11261e809ee8e554ff539224c8427a	PASS	sites/moons.cosigo.io/public/assets/a8-moons-active-handoff-v1.json	FROZEN_EXACT	84fa486068bc99f1eb05704b6e2e3c64bd11261e809ee8e554ff539224c8427a
/srv/sites/moons.cosigo.io/public/index.html	45aceeea950de8980ffd2f3af0f12e9c7ce3cdf0a5b0e675a40ee239792fc207	45aceeea950de8980ffd2f3af0f12e9c7ce3cdf0a5b0e675a40ee239792fc207	PASS	sites/moons.cosigo.io/public/index.html	FROZEN_EXACT	45aceeea950de8980ffd2f3af0f12e9c7ce3cdf0a5b0e675a40ee239792fc207
/srv/sites/moons.cosigo.io/public/moons.html	1552cde20a31fe89dab3ffb2ccc9f7ec1e7318302d470d8da35466ec649a689d	1552cde20a31fe89dab3ffb2ccc9f7ec1e7318302d470d8da35466ec649a689d	PASS	sites/moons.cosigo.io/public/moons.html	FROZEN_EXACT	1552cde20a31fe89dab3ffb2ccc9f7ec1e7318302d470d8da35466ec649a689d
/srv/sites/shadow.cosigo.io/public/index.html	cbc1ae19e8f7253d28632244ecd0cba08d3da2ea44bbeedcf7bed2a4cc14a7f6	cbc1ae19e8f7253d28632244ecd0cba08d3da2ea44bbeedcf7bed2a4cc14a7f6	PASS	sites/shadow.cosigo.io/public/index.html	FROZEN_EXACT	cbc1ae19e8f7253d28632244ecd0cba08d3da2ea44bbeedcf7bed2a4cc14a7f6
/srv/sites/ship.cosigo.io/public/index.html	1bf5b780620fa2b402cd5ea64767a53ea8e20e5101f70c5f1df8f0562b36cbde	1bf5b780620fa2b402cd5ea64767a53ea8e20e5101f70c5f1df8f0562b36cbde	PASS	sites/ship.cosigo.io/public/index.html	FROZEN_EXACT	1bf5b780620fa2b402cd5ea64767a53ea8e20e5101f70c5f1df8f0562b36cbde
/srv/sites/sol.cosigo.io/public/index.html	f78b42063c6946ac5ddf47f43c9dddac25c4d973b96a4d0dc5a9ce538184cbaa	f78b42063c6946ac5ddf47f43c9dddac25c4d973b96a4d0dc5a9ce538184cbaa	PASS	sites/sol.cosigo.io/public/index.html	FROZEN_EXACT	f78b42063c6946ac5ddf47f43c9dddac25c4d973b96a4d0dc5a9ce538184cbaa
/srv/sites/sol.cosigo.io/public/sol.html	f78b42063c6946ac5ddf47f43c9dddac25c4d973b96a4d0dc5a9ce538184cbaa	f78b42063c6946ac5ddf47f43c9dddac25c4d973b96a4d0dc5a9ce538184cbaa	PASS	sites/sol.cosigo.io/public/sol.html	FROZEN_EXACT	f78b42063c6946ac5ddf47f43c9dddac25c4d973b96a4d0dc5a9ce538184cbaa
/usr/local/lib/a8-core20-service.js	7332edc295ed771bc74e4059fed9cbbe91ee9713c93644daa1073ea6656979af	7332edc295ed771bc74e4059fed9cbbe91ee9713c93644daa1073ea6656979af	PASS	ops/live-reference-20260924/usr/local/lib/a8-core20-service.js	FROZEN_EXACT	7332edc295ed771bc74e4059fed9cbbe91ee9713c93644daa1073ea6656979af
/usr/local/sbin/a8-ce-core20-control.py	566b718f00872ae57c3346cb5201c82b26c8b2a030526b6d504d3718b5791e23	566b718f00872ae57c3346cb5201c82b26c8b2a030526b6d504d3718b5791e23	PASS	ops/live-reference-20260924/usr/local/sbin/a8-ce-core20-control.py	FROZEN_EXACT	566b718f00872ae57c3346cb5201c82b26c8b2a030526b6d504d3718b5791e23
/usr/local/sbin/a8-core20-external-physical-feed.py	5db017f8a1d945945ed1d9eb4e7687461711e0efc948930d1cb6c06b279ec992	5db017f8a1d945945ed1d9eb4e7687461711e0efc948930d1cb6c06b279ec992	PASS	ops/live-reference-20260924/usr/local/sbin/a8-core20-external-physical-feed.py	FROZEN_EXACT	5db017f8a1d945945ed1d9eb4e7687461711e0efc948930d1cb6c06b279ec992
/usr/local/sbin/a8-core20-native-snapshot-listener.py	4e5394b5cd2f766df0f05a53c71f69643891b1dbc41125d0b4e333cdba2a6e87	4e5394b5cd2f766df0f05a53c71f69643891b1dbc41125d0b4e333cdba2a6e87	PASS	ops/live-reference-20260924/usr/local/sbin/a8-core20-native-snapshot-listener.py	FROZEN_EXACT	4e5394b5cd2f766df0f05a53c71f69643891b1dbc41125d0b4e333cdba2a6e87
/usr/local/sbin/a8-ghost-standby-monitor.py	782a8864f1211e06987570a5327e0dd619ca1b0eb5aa91c428569fa0c0e232d8	782a8864f1211e06987570a5327e0dd619ca1b0eb5aa91c428569fa0c0e232d8	PASS	ops/live-reference-20260924/usr/local/sbin/a8-ghost-standby-monitor.py	FROZEN_EXACT	782a8864f1211e06987570a5327e0dd619ca1b0eb5aa91c428569fa0c0e232d8
/usr/local/sbin/a8-primary-stream-cache.py	3aaf9bf8ab80882428268fb8255df4749c587ef10065dd8d5f6d527e3251d849	3aaf9bf8ab80882428268fb8255df4749c587ef10065dd8d5f6d527e3251d849	PASS	ops/live-reference-20260924/usr/local/sbin/a8-primary-stream-cache.py	FROZEN_EXACT	3aaf9bf8ab80882428268fb8255df4749c587ef10065dd8d5f6d527e3251d849
